ID,target
ID_test_0,0
ID_test_1,0
ID_test_2,0
ID_test_3,0
ID_test_4,0
ID_test_5,0
ID_test_6,0
ID_test_7,0
ID_test_8,0
ID_test_9,0
ID_test_10,0
ID_test_11,0
ID_test_12,0
ID_test_13,0
ID_test_14,0
ID_test_15,0
ID_test_16,0
ID_test_17,0
ID_test_18,0
ID_test_19,0
ID_test_20,0
ID_test_21,0
ID_test_22,0
ID_test_23,0
ID_test_24,0
ID_test_25,0
ID_test_26,0
ID_test_27,0
ID_test_28,0
ID_test_29,0
ID_test_30,0
ID_test_31,0
ID_test_32,0
ID_test_33,0
ID_test_34,0
ID_test_35,0
ID_test_36,0
ID_test_37,0
ID_test_38,0
ID_test_39,0
ID_test_40,0
ID_test_41,0
ID_test_42,0
ID_test_43,0
ID_test_44,0
ID_test_45,0
ID_test_46,0
ID_test_47,0
ID_test_48,0
ID_test_49,0
ID_test_50,0
ID_test_51,0
ID_test_52,0
ID_test_53,0
ID_test_54,0
ID_test_55,0
ID_test_56,0
ID_test_57,0
ID_test_58,0
ID_test_59,0
ID_test_60,0
ID_test_61,0
ID_test_62,0
ID_test_63,0
ID_test_64,0
ID_test_65,0
ID_test_66,0
ID_test_67,0
ID_test_68,0
ID_test_69,0
ID_test_70,0
ID_test_71,0
ID_test_72,0
ID_test_73,0
ID_test_74,0
ID_test_75,0
ID_test_76,0
ID_test_77,0
ID_test_78,0
ID_test_79,0
ID_test_80,0
ID_test_81,0
ID_test_82,0
ID_test_83,0
ID_test_84,0
ID_test_85,0
ID_test_86,0
ID_test_87,0
ID_test_88,0
ID_test_89,0
ID_test_90,0
ID_test_91,0
ID_test_92,0
ID_test_93,0
ID_test_94,0
ID_test_95,0
ID_test_96,0
ID_test_97,0
ID_test_98,0
ID_test_99,0
ID_test_100,0
ID_test_101,0
ID_test_102,0
ID_test_103,0
ID_test_104,0
ID_test_105,0
ID_test_106,0
ID_test_107,0
ID_test_108,0
ID_test_109,0
ID_test_110,0
ID_test_111,0
ID_test_112,0
ID_test_113,0
ID_test_114,0
ID_test_115,0
ID_test_116,0
ID_test_117,0
ID_test_118,0
ID_test_119,0
ID_test_120,0
ID_test_121,0
ID_test_122,0
ID_test_123,0
ID_test_124,0
ID_test_125,0
ID_test_126,0
ID_test_127,0
ID_test_128,0
ID_test_129,0
ID_test_130,0
ID_test_131,0
ID_test_132,0
ID_test_133,0
ID_test_134,0
ID_test_135,0
ID_test_136,0
ID_test_137,0
ID_test_138,0
ID_test_139,0
ID_test_140,0
ID_test_141,0
ID_test_142,0
ID_test_143,0
ID_test_144,0
ID_test_145,0
ID_test_146,0
ID_test_147,0
ID_test_148,0
ID_test_149,0
ID_test_150,0
ID_test_151,0
ID_test_152,0
ID_test_153,0
ID_test_154,0
ID_test_155,0
ID_test_156,0
ID_test_157,0
ID_test_158,0
ID_test_159,0
ID_test_160,0
ID_test_161,0
ID_test_162,0
ID_test_163,0
ID_test_164,0
ID_test_165,0
ID_test_166,0
ID_test_167,0
ID_test_168,0
ID_test_169,0
ID_test_170,0
ID_test_171,0
ID_test_172,0
ID_test_173,0
ID_test_174,0
ID_test_175,0
ID_test_176,0
ID_test_177,0
ID_test_178,0
ID_test_179,0
ID_test_180,0
ID_test_181,0
ID_test_182,0
ID_test_183,0
ID_test_184,0
ID_test_185,0
ID_test_186,0
ID_test_187,0
ID_test_188,0
ID_test_189,0
ID_test_190,0
ID_test_191,0
ID_test_192,0
ID_test_193,0
ID_test_194,0
ID_test_195,0
ID_test_196,0
ID_test_197,0
ID_test_198,0
ID_test_199,0
ID_test_200,0
ID_test_201,0
ID_test_202,0
ID_test_203,0
ID_test_204,0
ID_test_205,0
ID_test_206,0
ID_test_207,0
ID_test_208,0
ID_test_209,0
ID_test_210,0
ID_test_211,0
ID_test_212,0
ID_test_213,0
ID_test_214,0
ID_test_215,0
ID_test_216,0
ID_test_217,0
ID_test_218,0
ID_test_219,0
ID_test_220,0
ID_test_221,0
ID_test_222,0
ID_test_223,0
ID_test_224,0
ID_test_225,0
ID_test_226,0
ID_test_227,0
ID_test_228,0
ID_test_229,0
ID_test_230,0
ID_test_231,0
ID_test_232,0
ID_test_233,0
ID_test_234,0
ID_test_235,0
ID_test_236,0
ID_test_237,0
ID_test_238,0
ID_test_239,0
ID_test_240,0
ID_test_241,0
ID_test_242,0
ID_test_243,0
ID_test_244,0
ID_test_245,0
ID_test_246,0
ID_test_247,0
ID_test_248,0
ID_test_249,0
ID_test_250,0
ID_test_251,0
ID_test_252,0
ID_test_253,0
ID_test_254,0
ID_test_255,0
ID_test_256,0
ID_test_257,0
ID_test_258,0
ID_test_259,0
ID_test_260,0
ID_test_261,0
ID_test_262,0
ID_test_263,0
ID_test_264,0
ID_test_265,0
ID_test_266,0
ID_test_267,0
ID_test_268,0
ID_test_269,0
ID_test_270,0
ID_test_271,0
ID_test_272,0
ID_test_273,0
ID_test_274,0
ID_test_275,0
ID_test_276,0
ID_test_277,0
ID_test_278,0
ID_test_279,0
ID_test_280,0
ID_test_281,0
ID_test_282,0
ID_test_283,0
ID_test_284,0
ID_test_285,0
ID_test_286,0
ID_test_287,0
ID_test_288,0
ID_test_289,0
ID_test_290,0
ID_test_291,0
ID_test_292,0
ID_test_293,0
ID_test_294,0
ID_test_295,0
ID_test_296,0
ID_test_297,0
ID_test_298,0
ID_test_299,0
ID_test_300,0
ID_test_301,0
ID_test_302,0
ID_test_303,0
ID_test_304,0
ID_test_305,0
ID_test_306,0
ID_test_307,0
ID_test_308,0
ID_test_309,0
ID_test_310,0
ID_test_311,0
ID_test_312,0
ID_test_313,0
ID_test_314,0
ID_test_315,0
ID_test_316,0
ID_test_317,0
ID_test_318,0
ID_test_319,0
ID_test_320,0
ID_test_321,0
ID_test_322,0
ID_test_323,0
ID_test_324,0
ID_test_325,0
ID_test_326,0
ID_test_327,0
ID_test_328,0
ID_test_329,0
ID_test_330,0
ID_test_331,0
ID_test_332,0
ID_test_333,0
ID_test_334,0
ID_test_335,0
ID_test_336,0
ID_test_337,0
ID_test_338,0
ID_test_339,0
ID_test_340,0
ID_test_341,0
ID_test_342,0
ID_test_343,0
ID_test_344,0
ID_test_345,0
ID_test_346,0
ID_test_347,0
ID_test_348,0
ID_test_349,0
ID_test_350,0
ID_test_351,0
ID_test_352,0
ID_test_353,0
ID_test_354,0
ID_test_355,0
ID_test_356,0
ID_test_357,0
ID_test_358,0
ID_test_359,0
ID_test_360,0
ID_test_361,0
ID_test_362,0
ID_test_363,0
ID_test_364,0
ID_test_365,0
ID_test_366,0
ID_test_367,0
ID_test_368,0
ID_test_369,0
ID_test_370,0
ID_test_371,0
ID_test_372,0
ID_test_373,0
ID_test_374,0
ID_test_375,0
ID_test_376,0
ID_test_377,0
ID_test_378,0
ID_test_379,0
ID_test_380,0
ID_test_381,0
ID_test_382,0
ID_test_383,0
ID_test_384,0
ID_test_385,0
ID_test_386,0
ID_test_387,0
ID_test_388,0
ID_test_389,0
ID_test_390,0
ID_test_391,0
ID_test_392,0
ID_test_393,0
ID_test_394,0
ID_test_395,0
ID_test_396,0
ID_test_397,0
ID_test_398,0
ID_test_399,0
ID_test_400,0
ID_test_401,0
ID_test_402,0
ID_test_403,0
ID_test_404,0
ID_test_405,0
ID_test_406,0
ID_test_407,0
ID_test_408,0
ID_test_409,0
ID_test_410,0
ID_test_411,0
ID_test_412,0
ID_test_413,0
ID_test_414,0
ID_test_415,0
ID_test_416,0
ID_test_417,0
ID_test_418,0
ID_test_419,0
ID_test_420,0
ID_test_421,0
ID_test_422,0
ID_test_423,0
ID_test_424,0
ID_test_425,0
ID_test_426,0
ID_test_427,0
ID_test_428,0
ID_test_429,0
ID_test_430,0
ID_test_431,0
ID_test_432,0
ID_test_433,0
ID_test_434,0
ID_test_435,0
ID_test_436,0
ID_test_437,0
ID_test_438,0
ID_test_439,0
ID_test_440,0
ID_test_441,0
ID_test_442,0
ID_test_443,0
ID_test_444,0
ID_test_445,0
ID_test_446,0
ID_test_447,0
ID_test_448,0
ID_test_449,0
ID_test_450,0
ID_test_451,0
ID_test_452,0
ID_test_453,0
ID_test_454,0
ID_test_455,0
ID_test_456,0
ID_test_457,0
ID_test_458,0
ID_test_459,0
ID_test_460,0
ID_test_461,0
ID_test_462,0
ID_test_463,0
ID_test_464,0
ID_test_465,0
ID_test_466,0
ID_test_467,0
ID_test_468,0
ID_test_469,0
ID_test_470,0
ID_test_471,0
ID_test_472,0
ID_test_473,0
ID_test_474,0
ID_test_475,0
ID_test_476,0
ID_test_477,0
ID_test_478,0
ID_test_479,0
ID_test_480,0
ID_test_481,0
ID_test_482,0
ID_test_483,0
ID_test_484,0
ID_test_485,0
ID_test_486,0
ID_test_487,0
ID_test_488,0
ID_test_489,0
ID_test_490,0
ID_test_491,0
ID_test_492,0
ID_test_493,0
ID_test_494,0
ID_test_495,0
ID_test_496,0
ID_test_497,0
ID_test_498,0
ID_test_499,0
ID_test_500,0
ID_test_501,0
ID_test_502,0
ID_test_503,0
ID_test_504,0
ID_test_505,0
ID_test_506,0
ID_test_507,0
ID_test_508,0
ID_test_509,0
ID_test_510,0
ID_test_511,0
ID_test_512,0
ID_test_513,0
ID_test_514,0
ID_test_515,0
ID_test_516,0
ID_test_517,0
ID_test_518,0
ID_test_519,0
ID_test_520,0
ID_test_521,0
ID_test_522,0
ID_test_523,0
ID_test_524,0
ID_test_525,0
ID_test_526,0
ID_test_527,0
ID_test_528,0
ID_test_529,0
ID_test_530,0
ID_test_531,0
ID_test_532,0
ID_test_533,0
ID_test_534,0
ID_test_535,0
ID_test_536,0
ID_test_537,0
ID_test_538,0
ID_test_539,0
ID_test_540,0
ID_test_541,0
ID_test_542,0
ID_test_543,0
ID_test_544,0
ID_test_545,0
ID_test_546,0
ID_test_547,0
ID_test_548,0
ID_test_549,0
ID_test_550,0
ID_test_551,0
ID_test_552,0
ID_test_553,0
ID_test_554,0
ID_test_555,0
ID_test_556,0
ID_test_557,0
ID_test_558,0
ID_test_559,0
ID_test_560,0
ID_test_561,0
ID_test_562,0
ID_test_563,0
ID_test_564,0
ID_test_565,0
ID_test_566,0
ID_test_567,0
ID_test_568,0
ID_test_569,0
ID_test_570,0
ID_test_571,0
ID_test_572,0
ID_test_573,0
ID_test_574,0
ID_test_575,0
ID_test_576,0
ID_test_577,0
ID_test_578,0
ID_test_579,0
ID_test_580,0
ID_test_581,0
ID_test_582,0
ID_test_583,0
ID_test_584,0
ID_test_585,0
ID_test_586,0
ID_test_587,0
ID_test_588,0
ID_test_589,0
ID_test_590,0
ID_test_591,0
ID_test_592,0
ID_test_593,0
ID_test_594,0
ID_test_595,0
ID_test_596,0
ID_test_597,0
ID_test_598,0
ID_test_599,0
ID_test_600,0
ID_test_601,0
ID_test_602,0
ID_test_603,0
ID_test_604,0
ID_test_605,0
ID_test_606,0
ID_test_607,0
ID_test_608,0
ID_test_609,0
ID_test_610,0
ID_test_611,0
ID_test_612,0
ID_test_613,0
ID_test_614,0
ID_test_615,0
ID_test_616,0
ID_test_617,0
ID_test_618,0
ID_test_619,0
ID_test_620,0
ID_test_621,0
ID_test_622,0
ID_test_623,0
ID_test_624,0
ID_test_625,0
ID_test_626,0
ID_test_627,0
ID_test_628,0
ID_test_629,0
ID_test_630,0
ID_test_631,0
ID_test_632,0
ID_test_633,0
ID_test_634,0
ID_test_635,0
ID_test_636,0
ID_test_637,0
ID_test_638,0
ID_test_639,0
ID_test_640,0
ID_test_641,0
ID_test_642,0
ID_test_643,0
ID_test_644,0
ID_test_645,0
ID_test_646,0
ID_test_647,0
ID_test_648,0
ID_test_649,0
ID_test_650,0
ID_test_651,0
ID_test_652,0
ID_test_653,0
ID_test_654,0
ID_test_655,0
ID_test_656,0
ID_test_657,0
ID_test_658,0
ID_test_659,0
ID_test_660,0
ID_test_661,0
ID_test_662,0
ID_test_663,0
ID_test_664,0
ID_test_665,0
ID_test_666,0
ID_test_667,0
ID_test_668,0
ID_test_669,0
ID_test_670,0
ID_test_671,0
ID_test_672,0
ID_test_673,0
ID_test_674,0
ID_test_675,0
ID_test_676,0
ID_test_677,0
ID_test_678,0
ID_test_679,0
ID_test_680,0
ID_test_681,0
ID_test_682,0
ID_test_683,0
ID_test_684,0
ID_test_685,0
ID_test_686,0
ID_test_687,0
ID_test_688,0
ID_test_689,0
ID_test_690,0
ID_test_691,0
ID_test_692,0
ID_test_693,0
ID_test_694,0
ID_test_695,0
ID_test_696,0
ID_test_697,0
ID_test_698,0
ID_test_699,0
ID_test_700,0
ID_test_701,0
ID_test_702,0
ID_test_703,0
ID_test_704,0
ID_test_705,0
ID_test_706,0
ID_test_707,0
ID_test_708,0
ID_test_709,0
ID_test_710,0
ID_test_711,0
ID_test_712,0
ID_test_713,0
ID_test_714,0
ID_test_715,0
ID_test_716,0
ID_test_717,0
ID_test_718,0
ID_test_719,0
ID_test_720,0
ID_test_721,0
ID_test_722,0
ID_test_723,0
ID_test_724,0
ID_test_725,0
ID_test_726,0
ID_test_727,0
ID_test_728,0
ID_test_729,0
ID_test_730,0
ID_test_731,0
ID_test_732,0
ID_test_733,0
ID_test_734,0
ID_test_735,0
ID_test_736,0
ID_test_737,0
ID_test_738,0
ID_test_739,0
ID_test_740,0
ID_test_741,0
ID_test_742,0
ID_test_743,0
ID_test_744,0
ID_test_745,0
ID_test_746,0
ID_test_747,0
ID_test_748,0
ID_test_749,0
ID_test_750,0
ID_test_751,0
ID_test_752,0
ID_test_753,0
ID_test_754,0
ID_test_755,0
ID_test_756,0
ID_test_757,0
ID_test_758,0
ID_test_759,0
ID_test_760,0
ID_test_761,0
ID_test_762,0
ID_test_763,0
ID_test_764,0
ID_test_765,0
ID_test_766,0
ID_test_767,0
ID_test_768,0
ID_test_769,0
ID_test_770,0
ID_test_771,0
ID_test_772,0
ID_test_773,0
ID_test_774,0
ID_test_775,0
ID_test_776,0
ID_test_777,0
ID_test_778,0
ID_test_779,0
ID_test_780,0
ID_test_781,0
ID_test_782,0
ID_test_783,0
ID_test_784,0
ID_test_785,0
ID_test_786,0
ID_test_787,0
ID_test_788,0
ID_test_789,0
ID_test_790,0
ID_test_791,0
ID_test_792,0
ID_test_793,0
ID_test_794,0
ID_test_795,0
ID_test_796,0
ID_test_797,0
ID_test_798,0
ID_test_799,0
ID_test_800,0
ID_test_801,0
ID_test_802,0
ID_test_803,0
ID_test_804,0
ID_test_805,0
ID_test_806,0
ID_test_807,0
ID_test_808,0
ID_test_809,0
ID_test_810,0
ID_test_811,0
ID_test_812,0
ID_test_813,0
ID_test_814,0
ID_test_815,0
ID_test_816,0
ID_test_817,0
ID_test_818,0
ID_test_819,0
ID_test_820,0
ID_test_821,0
ID_test_822,0
ID_test_823,0
ID_test_824,0
ID_test_825,0
ID_test_826,0
ID_test_827,0
ID_test_828,0
ID_test_829,0
ID_test_830,0
ID_test_831,0
ID_test_832,0
ID_test_833,0
ID_test_834,0
ID_test_835,0
ID_test_836,0
ID_test_837,0
ID_test_838,0
ID_test_839,0
ID_test_840,0
ID_test_841,0
ID_test_842,0
ID_test_843,0
ID_test_844,0
ID_test_845,0
ID_test_846,0
ID_test_847,0
ID_test_848,0
ID_test_849,0
ID_test_850,0
ID_test_851,0
ID_test_852,0
ID_test_853,0
ID_test_854,0
ID_test_855,0
ID_test_856,0
ID_test_857,0
ID_test_858,0
ID_test_859,0
ID_test_860,0
ID_test_861,0
ID_test_862,0
ID_test_863,0
ID_test_864,0
ID_test_865,0
ID_test_866,0
ID_test_867,0
ID_test_868,0
ID_test_869,0
ID_test_870,0
ID_test_871,0
ID_test_872,0
ID_test_873,0
ID_test_874,0
ID_test_875,0
ID_test_876,0
ID_test_877,0
ID_test_878,0
ID_test_879,0
ID_test_880,0
ID_test_881,0
ID_test_882,0
ID_test_883,0
ID_test_884,0
ID_test_885,0
ID_test_886,0
ID_test_887,0
ID_test_888,0
ID_test_889,0
ID_test_890,0
ID_test_891,0
ID_test_892,0
ID_test_893,0
ID_test_894,0
ID_test_895,0
ID_test_896,0
ID_test_897,0
ID_test_898,0
ID_test_899,0
ID_test_900,0
ID_test_901,0
ID_test_902,0
ID_test_903,0
ID_test_904,0
ID_test_905,0
ID_test_906,0
ID_test_907,0
ID_test_908,0
ID_test_909,0
ID_test_910,0
ID_test_911,0
ID_test_912,0
ID_test_913,0
ID_test_914,0
ID_test_915,0
ID_test_916,0
ID_test_917,0
ID_test_918,0
ID_test_919,0
ID_test_920,0
ID_test_921,0
ID_test_922,0
ID_test_923,0
ID_test_924,0
ID_test_925,0
ID_test_926,0
ID_test_927,0
ID_test_928,0
ID_test_929,0
ID_test_930,0
ID_test_931,0
ID_test_932,0
ID_test_933,0
ID_test_934,0
ID_test_935,0
ID_test_936,0
ID_test_937,0
ID_test_938,0
ID_test_939,0
ID_test_940,0
ID_test_941,0
ID_test_942,0
ID_test_943,0
ID_test_944,0
ID_test_945,0
ID_test_946,0
ID_test_947,0
ID_test_948,0
ID_test_949,0
ID_test_950,0
ID_test_951,0
ID_test_952,0
ID_test_953,0
ID_test_954,0
ID_test_955,0
ID_test_956,0
ID_test_957,0
ID_test_958,0
ID_test_959,0
ID_test_960,0
ID_test_961,0
ID_test_962,0
ID_test_963,0
ID_test_964,0
ID_test_965,0
ID_test_966,0
ID_test_967,0
ID_test_968,0
ID_test_969,0
ID_test_970,0
ID_test_971,0
ID_test_972,0
ID_test_973,0
ID_test_974,0
ID_test_975,0
ID_test_976,0
ID_test_977,0
ID_test_978,0
ID_test_979,0
ID_test_980,0
ID_test_981,0
ID_test_982,0
ID_test_983,0
ID_test_984,0
ID_test_985,0
ID_test_986,0
ID_test_987,0
ID_test_988,0
ID_test_989,0
ID_test_990,0
ID_test_991,0
ID_test_992,0
ID_test_993,0
ID_test_994,0
ID_test_995,0
ID_test_996,0
ID_test_997,0
ID_test_998,0
ID_test_999,0
ID_test_1000,0
ID_test_1001,0
ID_test_1002,0
ID_test_1003,0
ID_test_1004,0
ID_test_1005,0
ID_test_1006,0
ID_test_1007,0
ID_test_1008,0
ID_test_1009,0
ID_test_1010,0
ID_test_1011,0
ID_test_1012,0
ID_test_1013,0
ID_test_1014,0
ID_test_1015,0
ID_test_1016,0
ID_test_1017,0
ID_test_1018,0
ID_test_1019,0
ID_test_1020,0
ID_test_1021,0
ID_test_1022,0
ID_test_1023,0
ID_test_1024,0
ID_test_1025,0
ID_test_1026,0
ID_test_1027,0
ID_test_1028,0
ID_test_1029,0
ID_test_1030,0
ID_test_1031,0
ID_test_1032,0
ID_test_1033,0
ID_test_1034,0
ID_test_1035,0
ID_test_1036,0
ID_test_1037,0
ID_test_1038,0
ID_test_1039,0
ID_test_1040,0
ID_test_1041,0
ID_test_1042,0
ID_test_1043,0
ID_test_1044,0
ID_test_1045,0
ID_test_1046,0
ID_test_1047,0
ID_test_1048,0
ID_test_1049,0
ID_test_1050,0
ID_test_1051,0
ID_test_1052,0
ID_test_1053,0
ID_test_1054,0
ID_test_1055,0
ID_test_1056,0
ID_test_1057,0
ID_test_1058,0
ID_test_1059,0
ID_test_1060,0
ID_test_1061,0
ID_test_1062,0
ID_test_1063,0
ID_test_1064,0
ID_test_1065,0
ID_test_1066,0
ID_test_1067,0
ID_test_1068,0
ID_test_1069,0
ID_test_1070,0
ID_test_1071,0
ID_test_1072,0
ID_test_1073,0
ID_test_1074,0
ID_test_1075,0
ID_test_1076,0
ID_test_1077,0
ID_test_1078,0
ID_test_1079,0
ID_test_1080,0
ID_test_1081,0
ID_test_1082,0
ID_test_1083,0
ID_test_1084,0
ID_test_1085,0
ID_test_1086,0
ID_test_1087,0
ID_test_1088,0
ID_test_1089,0
ID_test_1090,0
ID_test_1091,0
ID_test_1092,0
ID_test_1093,0
ID_test_1094,0
ID_test_1095,0
ID_test_1096,0
ID_test_1097,0
ID_test_1098,0
ID_test_1099,0
ID_test_1100,0
ID_test_1101,0
ID_test_1102,0
ID_test_1103,0
ID_test_1104,0
ID_test_1105,0
ID_test_1106,0
ID_test_1107,0
ID_test_1108,0
ID_test_1109,0
ID_test_1110,0
ID_test_1111,0
ID_test_1112,0
ID_test_1113,0
ID_test_1114,0
ID_test_1115,0
ID_test_1116,0
ID_test_1117,0
ID_test_1118,0
ID_test_1119,0
ID_test_1120,0
ID_test_1121,0
ID_test_1122,0
ID_test_1123,0
ID_test_1124,0
ID_test_1125,0
ID_test_1126,0
ID_test_1127,0
ID_test_1128,0
ID_test_1129,0
ID_test_1130,0
ID_test_1131,0
ID_test_1132,0
ID_test_1133,0
ID_test_1134,0
ID_test_1135,0
ID_test_1136,0
ID_test_1137,0
ID_test_1138,0
ID_test_1139,0
ID_test_1140,0
ID_test_1141,0
ID_test_1142,0
ID_test_1143,0
ID_test_1144,0
ID_test_1145,0
ID_test_1146,0
ID_test_1147,0
ID_test_1148,0
ID_test_1149,0
ID_test_1150,0
ID_test_1151,0
ID_test_1152,0
ID_test_1153,0
ID_test_1154,0
ID_test_1155,0
ID_test_1156,0
ID_test_1157,0
ID_test_1158,0
ID_test_1159,0
ID_test_1160,0
ID_test_1161,0
ID_test_1162,0
ID_test_1163,0
ID_test_1164,0
ID_test_1165,0
ID_test_1166,0
ID_test_1167,0
ID_test_1168,0
ID_test_1169,0
ID_test_1170,0
ID_test_1171,0
ID_test_1172,0
ID_test_1173,0
ID_test_1174,0
ID_test_1175,0
ID_test_1176,0
ID_test_1177,0
ID_test_1178,0
ID_test_1179,0
ID_test_1180,0
ID_test_1181,0
ID_test_1182,0
ID_test_1183,0
ID_test_1184,0
ID_test_1185,0
ID_test_1186,0
ID_test_1187,0
ID_test_1188,0
ID_test_1189,0
ID_test_1190,0
ID_test_1191,0
ID_test_1192,0
ID_test_1193,0
ID_test_1194,0
ID_test_1195,0
ID_test_1196,0
ID_test_1197,0
ID_test_1198,0
ID_test_1199,0
ID_test_1200,0
ID_test_1201,0
ID_test_1202,0
ID_test_1203,0
ID_test_1204,0
ID_test_1205,0
ID_test_1206,0
ID_test_1207,0
ID_test_1208,0
ID_test_1209,0
ID_test_1210,0
ID_test_1211,0
ID_test_1212,0
ID_test_1213,0
ID_test_1214,0
ID_test_1215,0
ID_test_1216,0
ID_test_1217,0
ID_test_1218,0
ID_test_1219,0
ID_test_1220,0
ID_test_1221,0
ID_test_1222,0
ID_test_1223,0
ID_test_1224,0
ID_test_1225,0
ID_test_1226,0
ID_test_1227,0
ID_test_1228,0
ID_test_1229,0
ID_test_1230,0
ID_test_1231,0
ID_test_1232,0
ID_test_1233,0
ID_test_1234,0
ID_test_1235,0
ID_test_1236,0
ID_test_1237,0
ID_test_1238,0
ID_test_1239,0
ID_test_1240,0
ID_test_1241,0
ID_test_1242,0
ID_test_1243,0
ID_test_1244,0
ID_test_1245,0
ID_test_1246,0
ID_test_1247,0
ID_test_1248,0
ID_test_1249,0
ID_test_1250,0
ID_test_1251,0
ID_test_1252,0
ID_test_1253,0
ID_test_1254,0
ID_test_1255,0
ID_test_1256,0
ID_test_1257,0
ID_test_1258,0
ID_test_1259,0
ID_test_1260,0
ID_test_1261,0
ID_test_1262,0
ID_test_1263,0
ID_test_1264,0
ID_test_1265,0
ID_test_1266,0
ID_test_1267,0
ID_test_1268,0
ID_test_1269,0
ID_test_1270,0
ID_test_1271,0
ID_test_1272,0
ID_test_1273,0
ID_test_1274,0
ID_test_1275,0
ID_test_1276,0
ID_test_1277,0
ID_test_1278,0
ID_test_1279,0
ID_test_1280,0
ID_test_1281,0
ID_test_1282,0
ID_test_1283,0
ID_test_1284,0
ID_test_1285,0
ID_test_1286,0
ID_test_1287,0
ID_test_1288,0
ID_test_1289,0
ID_test_1290,0
ID_test_1291,0
ID_test_1292,0
ID_test_1293,0
ID_test_1294,0
ID_test_1295,0
ID_test_1296,0
ID_test_1297,0
ID_test_1298,0
ID_test_1299,0
ID_test_1300,0
ID_test_1301,0
ID_test_1302,0
ID_test_1303,0
ID_test_1304,0
ID_test_1305,0
ID_test_1306,0
ID_test_1307,0
ID_test_1308,0
ID_test_1309,0
ID_test_1310,0
ID_test_1311,0
ID_test_1312,0
ID_test_1313,0
ID_test_1314,0
ID_test_1315,0
ID_test_1316,0
ID_test_1317,0
ID_test_1318,0
ID_test_1319,0
ID_test_1320,0
ID_test_1321,0
ID_test_1322,0
ID_test_1323,0
ID_test_1324,0
ID_test_1325,0
ID_test_1326,0
ID_test_1327,0
ID_test_1328,0
ID_test_1329,0
ID_test_1330,0
ID_test_1331,0
ID_test_1332,0
ID_test_1333,0
ID_test_1334,0
ID_test_1335,0
ID_test_1336,0
ID_test_1337,0
ID_test_1338,0
ID_test_1339,0
ID_test_1340,0
ID_test_1341,0
ID_test_1342,0
ID_test_1343,0
ID_test_1344,0
ID_test_1345,0
ID_test_1346,0
ID_test_1347,0
ID_test_1348,0
ID_test_1349,0
ID_test_1350,0
ID_test_1351,0
ID_test_1352,0
ID_test_1353,0
ID_test_1354,0
ID_test_1355,0
ID_test_1356,0
ID_test_1357,0
ID_test_1358,0
ID_test_1359,0
ID_test_1360,0
ID_test_1361,0
ID_test_1362,0
ID_test_1363,0
ID_test_1364,0
ID_test_1365,0
ID_test_1366,0
ID_test_1367,0
ID_test_1368,0
ID_test_1369,0
ID_test_1370,0
ID_test_1371,0
ID_test_1372,0
ID_test_1373,0
ID_test_1374,0
ID_test_1375,0
ID_test_1376,0
ID_test_1377,0
ID_test_1378,0
ID_test_1379,0
ID_test_1380,0
ID_test_1381,0
ID_test_1382,0
ID_test_1383,0
ID_test_1384,0
ID_test_1385,0
ID_test_1386,0
ID_test_1387,0
ID_test_1388,0
ID_test_1389,0
ID_test_1390,0
ID_test_1391,0
ID_test_1392,0
ID_test_1393,0
ID_test_1394,0
ID_test_1395,0
ID_test_1396,0
ID_test_1397,0
ID_test_1398,0
ID_test_1399,0
ID_test_1400,0
ID_test_1401,0
ID_test_1402,0
ID_test_1403,0
ID_test_1404,0
ID_test_1405,0
ID_test_1406,0
ID_test_1407,0
ID_test_1408,0
ID_test_1409,0
ID_test_1410,0
ID_test_1411,0
ID_test_1412,0
ID_test_1413,0
ID_test_1414,0
ID_test_1415,0
ID_test_1416,0
ID_test_1417,0
ID_test_1418,0
ID_test_1419,0
ID_test_1420,0
ID_test_1421,0
ID_test_1422,0
ID_test_1423,0
ID_test_1424,0
ID_test_1425,0
ID_test_1426,0
ID_test_1427,0
ID_test_1428,0
ID_test_1429,0
ID_test_1430,0
ID_test_1431,0
ID_test_1432,0
ID_test_1433,0
ID_test_1434,0
ID_test_1435,0
ID_test_1436,0
ID_test_1437,0
ID_test_1438,0
ID_test_1439,0
ID_test_1440,0
ID_test_1441,0
ID_test_1442,0
ID_test_1443,0
ID_test_1444,0
ID_test_1445,0
ID_test_1446,0
ID_test_1447,0
ID_test_1448,0
ID_test_1449,0
ID_test_1450,0
ID_test_1451,0
ID_test_1452,0
ID_test_1453,0
ID_test_1454,0
ID_test_1455,0
ID_test_1456,0
ID_test_1457,0
ID_test_1458,0
ID_test_1459,0
ID_test_1460,0
ID_test_1461,0
ID_test_1462,0
ID_test_1463,0
ID_test_1464,0
ID_test_1465,0
ID_test_1466,0
ID_test_1467,0
ID_test_1468,0
ID_test_1469,0
ID_test_1470,0
ID_test_1471,0
ID_test_1472,0
ID_test_1473,0
ID_test_1474,0
ID_test_1475,0
ID_test_1476,0
ID_test_1477,0
ID_test_1478,0
ID_test_1479,0
ID_test_1480,0
ID_test_1481,0
ID_test_1482,0
ID_test_1483,0
ID_test_1484,0
ID_test_1485,0
ID_test_1486,0
ID_test_1487,0
ID_test_1488,0
ID_test_1489,0
ID_test_1490,0
ID_test_1491,0
ID_test_1492,0
ID_test_1493,0
ID_test_1494,0
ID_test_1495,0
ID_test_1496,0
ID_test_1497,0
ID_test_1498,0
ID_test_1499,0
ID_test_1500,0
ID_test_1501,0
ID_test_1502,0
ID_test_1503,0
ID_test_1504,0
ID_test_1505,0
ID_test_1506,0
ID_test_1507,0
ID_test_1508,0
ID_test_1509,0
ID_test_1510,0
ID_test_1511,0
ID_test_1512,0
ID_test_1513,0
ID_test_1514,0
ID_test_1515,0
ID_test_1516,0
ID_test_1517,0
ID_test_1518,0
ID_test_1519,0
ID_test_1520,0
ID_test_1521,0
ID_test_1522,0
ID_test_1523,0
ID_test_1524,0
ID_test_1525,0
ID_test_1526,0
ID_test_1527,0
ID_test_1528,0
ID_test_1529,0
ID_test_1530,0
ID_test_1531,0
ID_test_1532,0
ID_test_1533,0
ID_test_1534,0
ID_test_1535,0
ID_test_1536,0
ID_test_1537,0
ID_test_1538,0
ID_test_1539,0
ID_test_1540,0
ID_test_1541,0
ID_test_1542,0
ID_test_1543,0
ID_test_1544,0
ID_test_1545,0
ID_test_1546,0
ID_test_1547,0
ID_test_1548,0
ID_test_1549,0
ID_test_1550,0
ID_test_1551,0
ID_test_1552,0
ID_test_1553,0
ID_test_1554,0
ID_test_1555,0
ID_test_1556,0
ID_test_1557,0
ID_test_1558,0
ID_test_1559,0
ID_test_1560,0
ID_test_1561,0
ID_test_1562,0
ID_test_1563,0
ID_test_1564,0
ID_test_1565,0
ID_test_1566,0
ID_test_1567,0
ID_test_1568,0
ID_test_1569,0
ID_test_1570,0
ID_test_1571,0
ID_test_1572,0
ID_test_1573,0
ID_test_1574,0
ID_test_1575,0
ID_test_1576,0
ID_test_1577,0
ID_test_1578,0
ID_test_1579,0
ID_test_1580,0
ID_test_1581,0
ID_test_1582,0
ID_test_1583,0
ID_test_1584,0
ID_test_1585,0
ID_test_1586,0
ID_test_1587,0
ID_test_1588,0
ID_test_1589,0
ID_test_1590,0
ID_test_1591,0
ID_test_1592,0
ID_test_1593,0
ID_test_1594,0
ID_test_1595,0
ID_test_1596,0
ID_test_1597,0
ID_test_1598,0
ID_test_1599,0
ID_test_1600,0
ID_test_1601,0
ID_test_1602,0
ID_test_1603,0
ID_test_1604,0
ID_test_1605,0
ID_test_1606,0
ID_test_1607,0
ID_test_1608,0
ID_test_1609,0
ID_test_1610,0
ID_test_1611,0
ID_test_1612,0
ID_test_1613,0
ID_test_1614,0
ID_test_1615,0
ID_test_1616,0
ID_test_1617,0
ID_test_1618,0
ID_test_1619,0
ID_test_1620,0
ID_test_1621,0
ID_test_1622,0
ID_test_1623,0
ID_test_1624,0
ID_test_1625,0
ID_test_1626,0
ID_test_1627,0
ID_test_1628,0
ID_test_1629,0
ID_test_1630,0
ID_test_1631,0
ID_test_1632,0
ID_test_1633,0
ID_test_1634,0
ID_test_1635,0
ID_test_1636,0
ID_test_1637,0
ID_test_1638,0
ID_test_1639,0
ID_test_1640,0
ID_test_1641,0
ID_test_1642,0
ID_test_1643,0
ID_test_1644,0
ID_test_1645,0
ID_test_1646,0
ID_test_1647,0
ID_test_1648,0
ID_test_1649,0
ID_test_1650,0
ID_test_1651,0
ID_test_1652,0
ID_test_1653,0
ID_test_1654,0
ID_test_1655,0
ID_test_1656,0
ID_test_1657,0
ID_test_1658,0
ID_test_1659,0
ID_test_1660,0
ID_test_1661,0
ID_test_1662,0
ID_test_1663,0
ID_test_1664,0
ID_test_1665,0
ID_test_1666,0
ID_test_1667,0
ID_test_1668,0
ID_test_1669,0
ID_test_1670,0
ID_test_1671,0
ID_test_1672,0
ID_test_1673,0
ID_test_1674,0
ID_test_1675,0
ID_test_1676,0
ID_test_1677,0
ID_test_1678,0
ID_test_1679,0
ID_test_1680,0
ID_test_1681,0
ID_test_1682,0
ID_test_1683,0
ID_test_1684,0
ID_test_1685,0
ID_test_1686,0
ID_test_1687,0
ID_test_1688,0
ID_test_1689,0
ID_test_1690,0
ID_test_1691,0
ID_test_1692,0
ID_test_1693,0
ID_test_1694,0
ID_test_1695,0
ID_test_1696,0
ID_test_1697,0
ID_test_1698,0
ID_test_1699,0
ID_test_1700,0
ID_test_1701,0
ID_test_1702,0
ID_test_1703,0
ID_test_1704,0
ID_test_1705,0
ID_test_1706,0
ID_test_1707,0
ID_test_1708,0
ID_test_1709,0
ID_test_1710,0
ID_test_1711,0
ID_test_1712,0
ID_test_1713,0
ID_test_1714,0
ID_test_1715,0
ID_test_1716,0
ID_test_1717,0
ID_test_1718,0
ID_test_1719,0
ID_test_1720,0
ID_test_1721,0
ID_test_1722,0
ID_test_1723,0
ID_test_1724,0
ID_test_1725,0
ID_test_1726,0
ID_test_1727,0
ID_test_1728,0
ID_test_1729,0
ID_test_1730,0
ID_test_1731,0
ID_test_1732,0
ID_test_1733,0
ID_test_1734,0
ID_test_1735,0
ID_test_1736,0
ID_test_1737,0
ID_test_1738,0
ID_test_1739,0
ID_test_1740,0
ID_test_1741,0
ID_test_1742,0
ID_test_1743,0
ID_test_1744,0
ID_test_1745,0
ID_test_1746,0
ID_test_1747,0
ID_test_1748,0
ID_test_1749,0
ID_test_1750,0
ID_test_1751,0
ID_test_1752,0
ID_test_1753,0
ID_test_1754,0
ID_test_1755,0
ID_test_1756,0
ID_test_1757,0
ID_test_1758,0
ID_test_1759,0
ID_test_1760,0
ID_test_1761,0
ID_test_1762,0
ID_test_1763,0
ID_test_1764,0
ID_test_1765,0
ID_test_1766,0
ID_test_1767,0
ID_test_1768,0
ID_test_1769,0
ID_test_1770,0
ID_test_1771,0
ID_test_1772,0
ID_test_1773,0
ID_test_1774,0
ID_test_1775,0
ID_test_1776,0
ID_test_1777,0
ID_test_1778,0
ID_test_1779,0
ID_test_1780,0
ID_test_1781,0
ID_test_1782,0
ID_test_1783,0
ID_test_1784,0
ID_test_1785,0
ID_test_1786,0
ID_test_1787,0
ID_test_1788,0
ID_test_1789,0
ID_test_1790,0
ID_test_1791,0
ID_test_1792,0
ID_test_1793,0
ID_test_1794,0
ID_test_1795,0
ID_test_1796,0
ID_test_1797,0
ID_test_1798,0
ID_test_1799,0
ID_test_1800,0
ID_test_1801,0
ID_test_1802,0
ID_test_1803,0
ID_test_1804,0
ID_test_1805,0
ID_test_1806,0
ID_test_1807,0
ID_test_1808,0
ID_test_1809,0
ID_test_1810,0
ID_test_1811,0
ID_test_1812,0
ID_test_1813,0
ID_test_1814,0
ID_test_1815,0
ID_test_1816,0
ID_test_1817,0
ID_test_1818,0
ID_test_1819,0
ID_test_1820,0
ID_test_1821,0
ID_test_1822,0
ID_test_1823,0
ID_test_1824,0
ID_test_1825,0
ID_test_1826,0
ID_test_1827,0
ID_test_1828,0
ID_test_1829,0
ID_test_1830,0
ID_test_1831,0
ID_test_1832,0
ID_test_1833,0
ID_test_1834,0
ID_test_1835,0
ID_test_1836,0
ID_test_1837,0
ID_test_1838,0
ID_test_1839,0
ID_test_1840,0
ID_test_1841,0
ID_test_1842,0
ID_test_1843,0
ID_test_1844,0
ID_test_1845,0
ID_test_1846,0
ID_test_1847,0
ID_test_1848,0
ID_test_1849,0
ID_test_1850,0
ID_test_1851,0
ID_test_1852,0
ID_test_1853,0
ID_test_1854,0
ID_test_1855,0
ID_test_1856,0
ID_test_1857,0
ID_test_1858,0
ID_test_1859,0
ID_test_1860,0
ID_test_1861,0
ID_test_1862,0
ID_test_1863,0
ID_test_1864,0
ID_test_1865,0
ID_test_1866,0
ID_test_1867,0
ID_test_1868,0
ID_test_1869,0
ID_test_1870,0
ID_test_1871,0
ID_test_1872,0
ID_test_1873,0
ID_test_1874,0
ID_test_1875,0
ID_test_1876,0
ID_test_1877,0
ID_test_1878,0
ID_test_1879,0
ID_test_1880,0
ID_test_1881,0
ID_test_1882,0
ID_test_1883,0
ID_test_1884,0
ID_test_1885,0
ID_test_1886,0
ID_test_1887,0
ID_test_1888,0
ID_test_1889,0
ID_test_1890,0
ID_test_1891,0
ID_test_1892,0
ID_test_1893,0
ID_test_1894,0
ID_test_1895,0
ID_test_1896,0
ID_test_1897,0
ID_test_1898,0
ID_test_1899,0
ID_test_1900,0
ID_test_1901,0
ID_test_1902,0
ID_test_1903,0
ID_test_1904,0
ID_test_1905,0
ID_test_1906,0
ID_test_1907,0
ID_test_1908,0
ID_test_1909,0
ID_test_1910,0
ID_test_1911,0
ID_test_1912,0
ID_test_1913,0
ID_test_1914,0
ID_test_1915,0
ID_test_1916,0
ID_test_1917,0
ID_test_1918,0
ID_test_1919,0
ID_test_1920,0
ID_test_1921,0
ID_test_1922,0
ID_test_1923,0
ID_test_1924,0
ID_test_1925,0
ID_test_1926,0
ID_test_1927,0
ID_test_1928,0
ID_test_1929,0
ID_test_1930,0
ID_test_1931,0
ID_test_1932,0
ID_test_1933,0
ID_test_1934,0
ID_test_1935,0
ID_test_1936,0
ID_test_1937,0
ID_test_1938,0
ID_test_1939,0
ID_test_1940,0
ID_test_1941,0
ID_test_1942,0
ID_test_1943,0
ID_test_1944,0
ID_test_1945,0
ID_test_1946,0
ID_test_1947,0
ID_test_1948,0
ID_test_1949,0
ID_test_1950,0
ID_test_1951,0
ID_test_1952,0
ID_test_1953,0
ID_test_1954,0
ID_test_1955,0
ID_test_1956,0
ID_test_1957,0
ID_test_1958,0
ID_test_1959,0
ID_test_1960,0
ID_test_1961,0
ID_test_1962,0
ID_test_1963,0
ID_test_1964,0
ID_test_1965,0
ID_test_1966,0
ID_test_1967,0
ID_test_1968,0
ID_test_1969,0
ID_test_1970,0
ID_test_1971,0
ID_test_1972,0
ID_test_1973,0
ID_test_1974,0
ID_test_1975,0
ID_test_1976,0
ID_test_1977,0
ID_test_1978,0
ID_test_1979,0
ID_test_1980,0
ID_test_1981,0
ID_test_1982,0
ID_test_1983,0
ID_test_1984,0
ID_test_1985,0
ID_test_1986,0
ID_test_1987,0
ID_test_1988,0
ID_test_1989,0
ID_test_1990,0
ID_test_1991,0
ID_test_1992,0
ID_test_1993,0
ID_test_1994,0
ID_test_1995,0
ID_test_1996,0
ID_test_1997,0
ID_test_1998,0
ID_test_1999,0
ID_test_2000,0
ID_test_2001,0
ID_test_2002,0
ID_test_2003,0
ID_test_2004,0
ID_test_2005,0
ID_test_2006,0
ID_test_2007,0
ID_test_2008,0
ID_test_2009,0
ID_test_2010,0
ID_test_2011,0
ID_test_2012,0
ID_test_2013,0
ID_test_2014,0
ID_test_2015,0
ID_test_2016,0
ID_test_2017,0
ID_test_2018,0
ID_test_2019,0
ID_test_2020,0
ID_test_2021,0
ID_test_2022,0
ID_test_2023,0
ID_test_2024,0
ID_test_2025,0
ID_test_2026,0
ID_test_2027,0
ID_test_2028,0
ID_test_2029,0
ID_test_2030,0
ID_test_2031,0
ID_test_2032,0
ID_test_2033,0
ID_test_2034,0
ID_test_2035,0
ID_test_2036,0
ID_test_2037,0
ID_test_2038,0
ID_test_2039,0
ID_test_2040,0
ID_test_2041,0
ID_test_2042,0
ID_test_2043,0
ID_test_2044,0
ID_test_2045,0
ID_test_2046,0
ID_test_2047,0
ID_test_2048,0
ID_test_2049,0
ID_test_2050,0
ID_test_2051,0
ID_test_2052,0
ID_test_2053,0
ID_test_2054,0
ID_test_2055,0
ID_test_2056,0
ID_test_2057,0
ID_test_2058,0
ID_test_2059,0
ID_test_2060,0
ID_test_2061,0
ID_test_2062,0
ID_test_2063,0
ID_test_2064,0
ID_test_2065,0
ID_test_2066,0
ID_test_2067,0
ID_test_2068,0
ID_test_2069,0
ID_test_2070,0
ID_test_2071,0
ID_test_2072,0
ID_test_2073,0
ID_test_2074,0
ID_test_2075,0
ID_test_2076,0
ID_test_2077,0
ID_test_2078,0
ID_test_2079,0
ID_test_2080,0
ID_test_2081,0
ID_test_2082,0
ID_test_2083,0
ID_test_2084,0
ID_test_2085,0
ID_test_2086,0
ID_test_2087,0
ID_test_2088,0
ID_test_2089,0
ID_test_2090,0
ID_test_2091,0
ID_test_2092,0
ID_test_2093,0
ID_test_2094,0
ID_test_2095,0
ID_test_2096,0
ID_test_2097,0
ID_test_2098,0
ID_test_2099,0
ID_test_2100,0
ID_test_2101,0
ID_test_2102,0
ID_test_2103,0
ID_test_2104,0
ID_test_2105,0
ID_test_2106,0
ID_test_2107,0
ID_test_2108,0
ID_test_2109,0
ID_test_2110,0
ID_test_2111,0
ID_test_2112,0
ID_test_2113,0
ID_test_2114,0
ID_test_2115,0
ID_test_2116,0
ID_test_2117,0
ID_test_2118,0
ID_test_2119,0
ID_test_2120,0
ID_test_2121,0
ID_test_2122,0
ID_test_2123,0
ID_test_2124,0
ID_test_2125,0
ID_test_2126,0
ID_test_2127,0
ID_test_2128,0
ID_test_2129,0
ID_test_2130,0
ID_test_2131,0
ID_test_2132,0
ID_test_2133,0
ID_test_2134,0
ID_test_2135,0
ID_test_2136,0
ID_test_2137,0
ID_test_2138,0
ID_test_2139,0
ID_test_2140,0
ID_test_2141,0
ID_test_2142,0
ID_test_2143,0
ID_test_2144,0
ID_test_2145,0
ID_test_2146,0
ID_test_2147,0
ID_test_2148,0
ID_test_2149,0
ID_test_2150,0
ID_test_2151,0
ID_test_2152,0
ID_test_2153,0
ID_test_2154,0
ID_test_2155,0
ID_test_2156,0
ID_test_2157,0
ID_test_2158,0
ID_test_2159,0
ID_test_2160,0
ID_test_2161,0
ID_test_2162,0
ID_test_2163,0
ID_test_2164,0
ID_test_2165,0
ID_test_2166,0
ID_test_2167,0
ID_test_2168,0
ID_test_2169,0
ID_test_2170,0
ID_test_2171,0
ID_test_2172,0
ID_test_2173,0
ID_test_2174,0
ID_test_2175,0
ID_test_2176,0
ID_test_2177,0
ID_test_2178,0
ID_test_2179,0
ID_test_2180,0
ID_test_2181,0
ID_test_2182,0
ID_test_2183,0
ID_test_2184,0
ID_test_2185,0
ID_test_2186,0
ID_test_2187,0
ID_test_2188,0
ID_test_2189,0
ID_test_2190,0
ID_test_2191,0
ID_test_2192,0
ID_test_2193,0
ID_test_2194,0
ID_test_2195,0
ID_test_2196,0
ID_test_2197,0
ID_test_2198,0
ID_test_2199,0
ID_test_2200,0
ID_test_2201,0
ID_test_2202,0
ID_test_2203,0
ID_test_2204,0
ID_test_2205,0
ID_test_2206,0
ID_test_2207,0
ID_test_2208,0
ID_test_2209,0
ID_test_2210,0
ID_test_2211,0
ID_test_2212,0
ID_test_2213,0
ID_test_2214,0
ID_test_2215,0
ID_test_2216,0
ID_test_2217,0
ID_test_2218,0
ID_test_2219,0
ID_test_2220,0
ID_test_2221,0
ID_test_2222,0
ID_test_2223,0
ID_test_2224,0
ID_test_2225,0
ID_test_2226,0
ID_test_2227,0
ID_test_2228,0
ID_test_2229,0
ID_test_2230,0
ID_test_2231,0
ID_test_2232,0
ID_test_2233,0
ID_test_2234,0
ID_test_2235,0
ID_test_2236,0
ID_test_2237,0
ID_test_2238,0
ID_test_2239,0
ID_test_2240,0
ID_test_2241,0
ID_test_2242,0
ID_test_2243,0
ID_test_2244,0
ID_test_2245,0
ID_test_2246,0
ID_test_2247,0
ID_test_2248,0
ID_test_2249,0
ID_test_2250,0
ID_test_2251,0
ID_test_2252,0
ID_test_2253,0
ID_test_2254,0
ID_test_2255,0
ID_test_2256,0
ID_test_2257,0
ID_test_2258,0
ID_test_2259,0
ID_test_2260,0
ID_test_2261,0
ID_test_2262,0
ID_test_2263,0
ID_test_2264,0
ID_test_2265,0
ID_test_2266,0
ID_test_2267,0
ID_test_2268,0
ID_test_2269,0
ID_test_2270,0
ID_test_2271,0
ID_test_2272,0
ID_test_2273,0
ID_test_2274,0
ID_test_2275,0
ID_test_2276,0
ID_test_2277,0
ID_test_2278,0
ID_test_2279,0
ID_test_2280,0
ID_test_2281,0
ID_test_2282,0
ID_test_2283,0
ID_test_2284,0
ID_test_2285,0
ID_test_2286,0
ID_test_2287,0
ID_test_2288,0
ID_test_2289,0
ID_test_2290,0
ID_test_2291,0
ID_test_2292,0
ID_test_2293,0
ID_test_2294,0
ID_test_2295,0
ID_test_2296,0
ID_test_2297,0
ID_test_2298,0
ID_test_2299,0
ID_test_2300,0
ID_test_2301,0
ID_test_2302,0
ID_test_2303,0
ID_test_2304,0
ID_test_2305,0
ID_test_2306,0
ID_test_2307,0
ID_test_2308,0
ID_test_2309,0
ID_test_2310,0
ID_test_2311,0
ID_test_2312,0
ID_test_2313,0
ID_test_2314,0
ID_test_2315,0
ID_test_2316,0
ID_test_2317,0
ID_test_2318,0
ID_test_2319,0
ID_test_2320,0
ID_test_2321,0
ID_test_2322,0
ID_test_2323,0
ID_test_2324,0
ID_test_2325,0
ID_test_2326,0
ID_test_2327,0
ID_test_2328,0
ID_test_2329,0
ID_test_2330,0
ID_test_2331,0
ID_test_2332,0
ID_test_2333,0
ID_test_2334,0
ID_test_2335,0
ID_test_2336,0
ID_test_2337,0
ID_test_2338,0
ID_test_2339,0
ID_test_2340,0
ID_test_2341,0
ID_test_2342,0
ID_test_2343,0
ID_test_2344,0
ID_test_2345,0
ID_test_2346,0
ID_test_2347,0
ID_test_2348,0
ID_test_2349,0
ID_test_2350,0
ID_test_2351,0
ID_test_2352,0
ID_test_2353,0
ID_test_2354,0
ID_test_2355,0
ID_test_2356,0
ID_test_2357,0
ID_test_2358,0
ID_test_2359,0
ID_test_2360,0
ID_test_2361,0
ID_test_2362,0
ID_test_2363,0
ID_test_2364,0
ID_test_2365,0
ID_test_2366,0
ID_test_2367,0
ID_test_2368,0
ID_test_2369,0
ID_test_2370,0
ID_test_2371,0
ID_test_2372,0
ID_test_2373,0
ID_test_2374,0
ID_test_2375,0
ID_test_2376,0
ID_test_2377,0
ID_test_2378,0
ID_test_2379,0
ID_test_2380,0
ID_test_2381,0
ID_test_2382,0
ID_test_2383,0
ID_test_2384,0
ID_test_2385,0
ID_test_2386,0
ID_test_2387,0
ID_test_2388,0
ID_test_2389,0
ID_test_2390,0
ID_test_2391,0
ID_test_2392,0
ID_test_2393,0
ID_test_2394,0
ID_test_2395,0
ID_test_2396,0
ID_test_2397,0
ID_test_2398,0
ID_test_2399,0
ID_test_2400,0
ID_test_2401,0
ID_test_2402,0
ID_test_2403,0
ID_test_2404,0
ID_test_2405,0
ID_test_2406,0
ID_test_2407,0
ID_test_2408,0
ID_test_2409,0
ID_test_2410,0
ID_test_2411,0
ID_test_2412,0
ID_test_2413,0
ID_test_2414,0
ID_test_2415,0
ID_test_2416,0
ID_test_2417,0
ID_test_2418,0
ID_test_2419,0
ID_test_2420,0
ID_test_2421,0
ID_test_2422,0
ID_test_2423,0
ID_test_2424,0
ID_test_2425,0
ID_test_2426,0
ID_test_2427,0
ID_test_2428,0
ID_test_2429,0
ID_test_2430,0
ID_test_2431,0
ID_test_2432,0
ID_test_2433,0
ID_test_2434,0
ID_test_2435,0
ID_test_2436,0
ID_test_2437,0
ID_test_2438,0
ID_test_2439,0
ID_test_2440,0
ID_test_2441,0
ID_test_2442,0
ID_test_2443,0
ID_test_2444,0
ID_test_2445,0
ID_test_2446,0
ID_test_2447,0
ID_test_2448,0
ID_test_2449,0
ID_test_2450,0
ID_test_2451,0
ID_test_2452,0
ID_test_2453,0
ID_test_2454,0
ID_test_2455,0
ID_test_2456,0
ID_test_2457,0
ID_test_2458,0
ID_test_2459,0
ID_test_2460,0
ID_test_2461,0
ID_test_2462,0
ID_test_2463,0
ID_test_2464,0
ID_test_2465,0
ID_test_2466,0
ID_test_2467,0
ID_test_2468,0
ID_test_2469,0
ID_test_2470,0
ID_test_2471,0
ID_test_2472,0
ID_test_2473,0
ID_test_2474,0
ID_test_2475,0
ID_test_2476,0
ID_test_2477,0
ID_test_2478,0
ID_test_2479,0
ID_test_2480,0
ID_test_2481,0
ID_test_2482,0
ID_test_2483,0
ID_test_2484,0
ID_test_2485,0
ID_test_2486,0
ID_test_2487,0
ID_test_2488,0
ID_test_2489,0
ID_test_2490,0
ID_test_2491,0
ID_test_2492,0
ID_test_2493,0
ID_test_2494,0
ID_test_2495,0
ID_test_2496,0
ID_test_2497,0
ID_test_2498,0
ID_test_2499,0
ID_test_2500,0
ID_test_2501,0
ID_test_2502,0
ID_test_2503,0
ID_test_2504,0
ID_test_2505,0
ID_test_2506,0
ID_test_2507,0
ID_test_2508,0
ID_test_2509,0
ID_test_2510,0
ID_test_2511,0
ID_test_2512,0
ID_test_2513,0
ID_test_2514,0
ID_test_2515,0
ID_test_2516,0
ID_test_2517,0
ID_test_2518,0
ID_test_2519,0
ID_test_2520,0
ID_test_2521,0
ID_test_2522,0
ID_test_2523,0
ID_test_2524,0
ID_test_2525,0
ID_test_2526,0
ID_test_2527,0
ID_test_2528,0
ID_test_2529,0
ID_test_2530,0
ID_test_2531,0
ID_test_2532,0
ID_test_2533,0
ID_test_2534,0
ID_test_2535,0
ID_test_2536,0
ID_test_2537,0
ID_test_2538,0
ID_test_2539,0
ID_test_2540,0
ID_test_2541,0
ID_test_2542,0
ID_test_2543,0
ID_test_2544,0
ID_test_2545,0
ID_test_2546,0
ID_test_2547,0
ID_test_2548,0
ID_test_2549,0
ID_test_2550,0
ID_test_2551,0
ID_test_2552,0
ID_test_2553,0
ID_test_2554,0
ID_test_2555,0
ID_test_2556,0
ID_test_2557,0
ID_test_2558,0
ID_test_2559,0
ID_test_2560,0
ID_test_2561,0
ID_test_2562,0
ID_test_2563,0
ID_test_2564,0
ID_test_2565,0
ID_test_2566,0
ID_test_2567,0
ID_test_2568,0
ID_test_2569,0
ID_test_2570,0
ID_test_2571,0
ID_test_2572,0
ID_test_2573,0
ID_test_2574,0
ID_test_2575,0
ID_test_2576,0
ID_test_2577,0
ID_test_2578,0
ID_test_2579,0
ID_test_2580,0
ID_test_2581,0
ID_test_2582,0
ID_test_2583,0
ID_test_2584,0
ID_test_2585,0
ID_test_2586,0
ID_test_2587,0
ID_test_2588,0
ID_test_2589,0
ID_test_2590,0
ID_test_2591,0
ID_test_2592,0
ID_test_2593,0
ID_test_2594,0
ID_test_2595,0
ID_test_2596,0
ID_test_2597,0
ID_test_2598,0
ID_test_2599,0
ID_test_2600,0
ID_test_2601,0
ID_test_2602,0
ID_test_2603,0
ID_test_2604,0
ID_test_2605,0
ID_test_2606,0
ID_test_2607,0
ID_test_2608,0
ID_test_2609,0
ID_test_2610,0
ID_test_2611,0
ID_test_2612,0
ID_test_2613,0
ID_test_2614,0
ID_test_2615,0
ID_test_2616,0
ID_test_2617,0
ID_test_2618,0
ID_test_2619,0
ID_test_2620,0
ID_test_2621,0
ID_test_2622,0
ID_test_2623,0
ID_test_2624,0
ID_test_2625,0
ID_test_2626,0
ID_test_2627,0
ID_test_2628,0
ID_test_2629,0
ID_test_2630,0
ID_test_2631,0
ID_test_2632,0
ID_test_2633,0
ID_test_2634,0
ID_test_2635,0
ID_test_2636,0
ID_test_2637,0
ID_test_2638,0
ID_test_2639,0
ID_test_2640,0
ID_test_2641,0
ID_test_2642,0
ID_test_2643,0
ID_test_2644,0
ID_test_2645,0
ID_test_2646,0
ID_test_2647,0
ID_test_2648,0
ID_test_2649,0
ID_test_2650,0
ID_test_2651,0
ID_test_2652,0
ID_test_2653,0
ID_test_2654,0
ID_test_2655,0
ID_test_2656,0
ID_test_2657,0
ID_test_2658,0
ID_test_2659,0
ID_test_2660,0
ID_test_2661,0
ID_test_2662,0
ID_test_2663,0
ID_test_2664,0
ID_test_2665,0
ID_test_2666,0
ID_test_2667,0
ID_test_2668,0
ID_test_2669,0
ID_test_2670,0
ID_test_2671,0
ID_test_2672,0
ID_test_2673,0
ID_test_2674,0
ID_test_2675,0
ID_test_2676,0
ID_test_2677,0
ID_test_2678,0
ID_test_2679,0
ID_test_2680,0
ID_test_2681,0
ID_test_2682,0
ID_test_2683,0
ID_test_2684,0
ID_test_2685,0
ID_test_2686,0
ID_test_2687,0
ID_test_2688,0
ID_test_2689,0
ID_test_2690,0
ID_test_2691,0
ID_test_2692,0
ID_test_2693,0
ID_test_2694,0
ID_test_2695,0
ID_test_2696,0
ID_test_2697,0
ID_test_2698,0
ID_test_2699,0
ID_test_2700,0
ID_test_2701,0
ID_test_2702,0
ID_test_2703,0
ID_test_2704,0
ID_test_2705,0
ID_test_2706,0
ID_test_2707,0
ID_test_2708,0
ID_test_2709,0
ID_test_2710,0
ID_test_2711,0
ID_test_2712,0
ID_test_2713,0
ID_test_2714,0
ID_test_2715,0
ID_test_2716,0
ID_test_2717,0
ID_test_2718,0
ID_test_2719,0
ID_test_2720,0
ID_test_2721,0
ID_test_2722,0
ID_test_2723,0
ID_test_2724,0
ID_test_2725,0
ID_test_2726,0
ID_test_2727,0
ID_test_2728,0
ID_test_2729,0
ID_test_2730,0
ID_test_2731,0
ID_test_2732,0
ID_test_2733,0
ID_test_2734,0
ID_test_2735,0
ID_test_2736,0
ID_test_2737,0
ID_test_2738,0
ID_test_2739,0
ID_test_2740,0
ID_test_2741,0
ID_test_2742,0
ID_test_2743,0
ID_test_2744,0
ID_test_2745,0
ID_test_2746,0
ID_test_2747,0
ID_test_2748,0
ID_test_2749,0
ID_test_2750,0
ID_test_2751,0
ID_test_2752,0
ID_test_2753,0
ID_test_2754,0
ID_test_2755,0
ID_test_2756,0
ID_test_2757,0
ID_test_2758,0
ID_test_2759,0
ID_test_2760,0
ID_test_2761,0
ID_test_2762,0
ID_test_2763,0
ID_test_2764,0
ID_test_2765,0
ID_test_2766,0
ID_test_2767,0
ID_test_2768,0
ID_test_2769,0
ID_test_2770,0
ID_test_2771,0
ID_test_2772,0
ID_test_2773,0
ID_test_2774,0
ID_test_2775,0
ID_test_2776,0
ID_test_2777,0
ID_test_2778,0
ID_test_2779,0
ID_test_2780,0
ID_test_2781,0
ID_test_2782,0
ID_test_2783,0
ID_test_2784,0
ID_test_2785,0
ID_test_2786,0
ID_test_2787,0
ID_test_2788,0
ID_test_2789,0
ID_test_2790,0
ID_test_2791,0
ID_test_2792,0
ID_test_2793,0
ID_test_2794,0
ID_test_2795,0
ID_test_2796,0
ID_test_2797,0
ID_test_2798,0
ID_test_2799,0
ID_test_2800,0
ID_test_2801,0
ID_test_2802,0
ID_test_2803,0
ID_test_2804,0
ID_test_2805,0
ID_test_2806,0
ID_test_2807,0
ID_test_2808,0
ID_test_2809,0
ID_test_2810,0
ID_test_2811,0
ID_test_2812,0
ID_test_2813,0
ID_test_2814,0
ID_test_2815,0
ID_test_2816,0
ID_test_2817,0
ID_test_2818,0
ID_test_2819,0
ID_test_2820,0
ID_test_2821,0
ID_test_2822,0
ID_test_2823,0
ID_test_2824,0
ID_test_2825,0
ID_test_2826,0
ID_test_2827,0
ID_test_2828,0
ID_test_2829,0
ID_test_2830,0
ID_test_2831,0
ID_test_2832,0
ID_test_2833,0
ID_test_2834,0
ID_test_2835,0
ID_test_2836,0
ID_test_2837,0
ID_test_2838,0
ID_test_2839,0
ID_test_2840,0
ID_test_2841,0
ID_test_2842,0
ID_test_2843,0
ID_test_2844,0
ID_test_2845,0
ID_test_2846,0
ID_test_2847,0
ID_test_2848,0
ID_test_2849,0
ID_test_2850,0
ID_test_2851,0
ID_test_2852,0
ID_test_2853,0
ID_test_2854,0
ID_test_2855,0
ID_test_2856,0
ID_test_2857,0
ID_test_2858,0
ID_test_2859,0
ID_test_2860,0
ID_test_2861,0
ID_test_2862,0
ID_test_2863,0
ID_test_2864,0
ID_test_2865,0
ID_test_2866,0
ID_test_2867,0
ID_test_2868,0
ID_test_2869,0
ID_test_2870,0
ID_test_2871,0
ID_test_2872,0
ID_test_2873,0
ID_test_2874,0
ID_test_2875,0
ID_test_2876,0
ID_test_2877,0
ID_test_2878,0
ID_test_2879,0
ID_test_2880,0
ID_test_2881,0
ID_test_2882,0
ID_test_2883,0
ID_test_2884,0
ID_test_2885,0
ID_test_2886,0
ID_test_2887,0
ID_test_2888,0
ID_test_2889,0
ID_test_2890,0
ID_test_2891,0
ID_test_2892,0
ID_test_2893,0
ID_test_2894,0
ID_test_2895,0
ID_test_2896,0
ID_test_2897,0
ID_test_2898,0
ID_test_2899,0
ID_test_2900,0
ID_test_2901,0
ID_test_2902,0
ID_test_2903,0
ID_test_2904,0
ID_test_2905,0
ID_test_2906,0
ID_test_2907,0
ID_test_2908,0
ID_test_2909,0
ID_test_2910,0
ID_test_2911,0
ID_test_2912,0
ID_test_2913,0
ID_test_2914,0
ID_test_2915,0
ID_test_2916,0
ID_test_2917,0
ID_test_2918,0
ID_test_2919,0
ID_test_2920,0
ID_test_2921,0
ID_test_2922,0
ID_test_2923,0
ID_test_2924,0
ID_test_2925,0
ID_test_2926,0
ID_test_2927,0
ID_test_2928,0
ID_test_2929,0
ID_test_2930,0
ID_test_2931,0
ID_test_2932,0
ID_test_2933,0
ID_test_2934,0
ID_test_2935,0
ID_test_2936,0
ID_test_2937,0
ID_test_2938,0
ID_test_2939,0
ID_test_2940,0
ID_test_2941,0
ID_test_2942,0
ID_test_2943,0
ID_test_2944,0
ID_test_2945,0
ID_test_2946,0
ID_test_2947,0
ID_test_2948,0
ID_test_2949,0
ID_test_2950,0
ID_test_2951,0
ID_test_2952,0
ID_test_2953,0
ID_test_2954,0
ID_test_2955,0
ID_test_2956,0
ID_test_2957,0
ID_test_2958,0
ID_test_2959,0
ID_test_2960,0
ID_test_2961,0
ID_test_2962,0
ID_test_2963,0
ID_test_2964,0
ID_test_2965,0
ID_test_2966,0
ID_test_2967,0
ID_test_2968,0
ID_test_2969,0
ID_test_2970,0
ID_test_2971,0
ID_test_2972,0
ID_test_2973,0
ID_test_2974,0
ID_test_2975,0
ID_test_2976,0
ID_test_2977,0
ID_test_2978,0
ID_test_2979,0
ID_test_2980,0
ID_test_2981,0
ID_test_2982,0
ID_test_2983,0
ID_test_2984,0
ID_test_2985,0
ID_test_2986,0
ID_test_2987,0
ID_test_2988,0
ID_test_2989,0
ID_test_2990,0
ID_test_2991,0
ID_test_2992,0
ID_test_2993,0
ID_test_2994,0
ID_test_2995,0
ID_test_2996,0
ID_test_2997,0
ID_test_2998,0
ID_test_2999,0
ID_test_3000,0
ID_test_3001,0
ID_test_3002,0
ID_test_3003,0
ID_test_3004,0
ID_test_3005,0
ID_test_3006,0
ID_test_3007,0
ID_test_3008,0
ID_test_3009,0
ID_test_3010,0
ID_test_3011,0
ID_test_3012,0
ID_test_3013,0
ID_test_3014,0
ID_test_3015,0
ID_test_3016,0
ID_test_3017,0
ID_test_3018,0
ID_test_3019,0
ID_test_3020,0
ID_test_3021,0
ID_test_3022,0
ID_test_3023,0
ID_test_3024,0
ID_test_3025,0
ID_test_3026,0
ID_test_3027,0
ID_test_3028,0
ID_test_3029,0
ID_test_3030,0
ID_test_3031,0
ID_test_3032,0
ID_test_3033,0
ID_test_3034,0
ID_test_3035,0
ID_test_3036,0
ID_test_3037,0
ID_test_3038,0
ID_test_3039,0
ID_test_3040,0
ID_test_3041,0
ID_test_3042,0
ID_test_3043,0
ID_test_3044,0
ID_test_3045,0
ID_test_3046,0
ID_test_3047,0
ID_test_3048,0
ID_test_3049,0
ID_test_3050,0
ID_test_3051,0
ID_test_3052,0
ID_test_3053,0
ID_test_3054,0
ID_test_3055,0
ID_test_3056,0
ID_test_3057,0
ID_test_3058,0
ID_test_3059,0
ID_test_3060,0
ID_test_3061,0
ID_test_3062,0
ID_test_3063,0
ID_test_3064,0
ID_test_3065,0
ID_test_3066,0
ID_test_3067,0
ID_test_3068,0
ID_test_3069,0
ID_test_3070,0
ID_test_3071,0
ID_test_3072,0
ID_test_3073,0
ID_test_3074,0
ID_test_3075,0
ID_test_3076,0
ID_test_3077,0
ID_test_3078,0
ID_test_3079,0
ID_test_3080,0
ID_test_3081,0
ID_test_3082,0
ID_test_3083,0
ID_test_3084,0
ID_test_3085,0
ID_test_3086,0
ID_test_3087,0
ID_test_3088,0
ID_test_3089,0
ID_test_3090,0
ID_test_3091,0
ID_test_3092,0
ID_test_3093,0
ID_test_3094,0
ID_test_3095,0
ID_test_3096,0
ID_test_3097,0
ID_test_3098,0
ID_test_3099,0
ID_test_3100,0
ID_test_3101,0
ID_test_3102,0
ID_test_3103,0
ID_test_3104,0
ID_test_3105,0
ID_test_3106,0
ID_test_3107,0
ID_test_3108,0
ID_test_3109,0
ID_test_3110,0
ID_test_3111,0
ID_test_3112,0
ID_test_3113,0
ID_test_3114,0
ID_test_3115,0
ID_test_3116,0
ID_test_3117,0
ID_test_3118,0
ID_test_3119,0
ID_test_3120,0
ID_test_3121,0
ID_test_3122,0
ID_test_3123,0
ID_test_3124,0
ID_test_3125,0
ID_test_3126,0
ID_test_3127,0
ID_test_3128,0
ID_test_3129,0
ID_test_3130,0
ID_test_3131,0
ID_test_3132,0
ID_test_3133,0
ID_test_3134,0
ID_test_3135,0
ID_test_3136,0
ID_test_3137,0
ID_test_3138,0
ID_test_3139,0
ID_test_3140,0
ID_test_3141,0
ID_test_3142,0
ID_test_3143,0
ID_test_3144,0
ID_test_3145,0
ID_test_3146,0
ID_test_3147,0
ID_test_3148,0
ID_test_3149,0
ID_test_3150,0
ID_test_3151,0
ID_test_3152,0
ID_test_3153,0
ID_test_3154,0
ID_test_3155,0
ID_test_3156,0
ID_test_3157,0
ID_test_3158,0
ID_test_3159,0
ID_test_3160,0
ID_test_3161,0
ID_test_3162,0
ID_test_3163,0
ID_test_3164,0
ID_test_3165,0
ID_test_3166,0
ID_test_3167,0
ID_test_3168,0
ID_test_3169,0
ID_test_3170,0
ID_test_3171,0
ID_test_3172,0
ID_test_3173,0
ID_test_3174,0
ID_test_3175,0
ID_test_3176,0
ID_test_3177,0
ID_test_3178,0
ID_test_3179,0
ID_test_3180,0
ID_test_3181,0
ID_test_3182,0
ID_test_3183,0
ID_test_3184,0
ID_test_3185,0
ID_test_3186,0
ID_test_3187,0
ID_test_3188,0
ID_test_3189,0
ID_test_3190,0
ID_test_3191,0
ID_test_3192,0
ID_test_3193,0
ID_test_3194,0
ID_test_3195,0
ID_test_3196,0
ID_test_3197,0
ID_test_3198,0
ID_test_3199,0
ID_test_3200,0
ID_test_3201,0
ID_test_3202,0
ID_test_3203,0
ID_test_3204,0
ID_test_3205,0
ID_test_3206,0
ID_test_3207,0
ID_test_3208,0
ID_test_3209,0
ID_test_3210,0
ID_test_3211,0
ID_test_3212,0
ID_test_3213,0
ID_test_3214,0
ID_test_3215,0
ID_test_3216,0
ID_test_3217,0
ID_test_3218,0
ID_test_3219,0
ID_test_3220,0
ID_test_3221,0
ID_test_3222,0
ID_test_3223,0
ID_test_3224,0
ID_test_3225,0
ID_test_3226,0
ID_test_3227,0
ID_test_3228,0
ID_test_3229,0
ID_test_3230,0
ID_test_3231,0
ID_test_3232,0
ID_test_3233,0
ID_test_3234,0
ID_test_3235,0
ID_test_3236,0
ID_test_3237,0
ID_test_3238,0
ID_test_3239,0
ID_test_3240,0
ID_test_3241,0
ID_test_3242,0
ID_test_3243,0
ID_test_3244,0
ID_test_3245,0
ID_test_3246,0
ID_test_3247,0
ID_test_3248,0
ID_test_3249,0
ID_test_3250,0
ID_test_3251,0
ID_test_3252,0
ID_test_3253,0
ID_test_3254,0
ID_test_3255,0
ID_test_3256,0
ID_test_3257,0
ID_test_3258,0
ID_test_3259,0
ID_test_3260,0
ID_test_3261,0
ID_test_3262,0
ID_test_3263,0
ID_test_3264,0
ID_test_3265,0
ID_test_3266,0
ID_test_3267,0
ID_test_3268,0
ID_test_3269,0
ID_test_3270,0
ID_test_3271,0
ID_test_3272,0
ID_test_3273,0
ID_test_3274,0
ID_test_3275,0
ID_test_3276,0
ID_test_3277,0
ID_test_3278,0
ID_test_3279,0
ID_test_3280,0
ID_test_3281,0
ID_test_3282,0
ID_test_3283,0
ID_test_3284,0
ID_test_3285,0
ID_test_3286,0
ID_test_3287,0
ID_test_3288,0
ID_test_3289,0
ID_test_3290,0
ID_test_3291,0
ID_test_3292,0
ID_test_3293,0
ID_test_3294,0
ID_test_3295,0
ID_test_3296,0
ID_test_3297,0
ID_test_3298,0
ID_test_3299,0
ID_test_3300,0
ID_test_3301,0
ID_test_3302,0
ID_test_3303,0
ID_test_3304,0
ID_test_3305,0
ID_test_3306,0
ID_test_3307,0
ID_test_3308,0
ID_test_3309,0
ID_test_3310,0
ID_test_3311,0
ID_test_3312,0
ID_test_3313,0
ID_test_3314,0
ID_test_3315,0
ID_test_3316,0
ID_test_3317,0
ID_test_3318,0
ID_test_3319,0
ID_test_3320,0
ID_test_3321,0
ID_test_3322,0
ID_test_3323,0
ID_test_3324,0
ID_test_3325,0
ID_test_3326,0
ID_test_3327,0
ID_test_3328,0
ID_test_3329,0
ID_test_3330,0
ID_test_3331,0
ID_test_3332,0
ID_test_3333,0
ID_test_3334,0
ID_test_3335,0
ID_test_3336,0
ID_test_3337,0
ID_test_3338,0
ID_test_3339,0
ID_test_3340,0
ID_test_3341,0
ID_test_3342,0
ID_test_3343,0
ID_test_3344,0
ID_test_3345,0
ID_test_3346,0
ID_test_3347,0
ID_test_3348,0
ID_test_3349,0
ID_test_3350,0
ID_test_3351,0
ID_test_3352,0
ID_test_3353,0
ID_test_3354,0
ID_test_3355,0
ID_test_3356,0
ID_test_3357,0
ID_test_3358,0
ID_test_3359,0
ID_test_3360,0
ID_test_3361,0
ID_test_3362,0
ID_test_3363,0
ID_test_3364,0
ID_test_3365,0
ID_test_3366,0
ID_test_3367,0
ID_test_3368,0
ID_test_3369,0
ID_test_3370,0
ID_test_3371,0
ID_test_3372,0
ID_test_3373,0
ID_test_3374,0
ID_test_3375,0
ID_test_3376,0
ID_test_3377,0
ID_test_3378,0
ID_test_3379,0
ID_test_3380,0
ID_test_3381,0
ID_test_3382,0
ID_test_3383,0
ID_test_3384,0
ID_test_3385,0
ID_test_3386,0
ID_test_3387,0
ID_test_3388,0
ID_test_3389,0
ID_test_3390,0
ID_test_3391,0
ID_test_3392,0
ID_test_3393,0
ID_test_3394,0
ID_test_3395,0
ID_test_3396,0
ID_test_3397,0
ID_test_3398,0
ID_test_3399,0
ID_test_3400,0
ID_test_3401,0
ID_test_3402,0
ID_test_3403,0
ID_test_3404,0
ID_test_3405,0
ID_test_3406,0
ID_test_3407,0
ID_test_3408,0
ID_test_3409,0
ID_test_3410,0
ID_test_3411,0
ID_test_3412,0
ID_test_3413,0
ID_test_3414,0
ID_test_3415,0
ID_test_3416,0
ID_test_3417,0
ID_test_3418,0
ID_test_3419,0
ID_test_3420,0
ID_test_3421,0
ID_test_3422,0
ID_test_3423,0
ID_test_3424,0
ID_test_3425,0
ID_test_3426,0
ID_test_3427,0
ID_test_3428,0
ID_test_3429,0
ID_test_3430,0
ID_test_3431,0
ID_test_3432,0
ID_test_3433,0
ID_test_3434,0
ID_test_3435,0
ID_test_3436,0
ID_test_3437,0
ID_test_3438,0
ID_test_3439,0
ID_test_3440,0
ID_test_3441,0
ID_test_3442,0
ID_test_3443,0
ID_test_3444,0
ID_test_3445,0
ID_test_3446,0
ID_test_3447,0
ID_test_3448,0
ID_test_3449,0
ID_test_3450,0
ID_test_3451,0
ID_test_3452,0
ID_test_3453,0
ID_test_3454,0
ID_test_3455,0
ID_test_3456,0
ID_test_3457,0
ID_test_3458,0
ID_test_3459,0
ID_test_3460,0
ID_test_3461,0
ID_test_3462,0
ID_test_3463,0
ID_test_3464,0
ID_test_3465,0
ID_test_3466,0
ID_test_3467,0
ID_test_3468,0
ID_test_3469,0
ID_test_3470,0
ID_test_3471,0
ID_test_3472,0
ID_test_3473,0
ID_test_3474,0
ID_test_3475,0
ID_test_3476,0
ID_test_3477,0
ID_test_3478,0
ID_test_3479,0
ID_test_3480,0
ID_test_3481,0
ID_test_3482,0
ID_test_3483,0
ID_test_3484,0
ID_test_3485,0
ID_test_3486,0
ID_test_3487,0
ID_test_3488,0
ID_test_3489,0
ID_test_3490,0
ID_test_3491,0
ID_test_3492,0
ID_test_3493,0
ID_test_3494,0
ID_test_3495,0
ID_test_3496,0
ID_test_3497,0
ID_test_3498,0
ID_test_3499,0
ID_test_3500,0
ID_test_3501,0
ID_test_3502,0
ID_test_3503,0
ID_test_3504,0
ID_test_3505,0
ID_test_3506,0
ID_test_3507,0
ID_test_3508,0
ID_test_3509,0
ID_test_3510,0
ID_test_3511,0
ID_test_3512,0
ID_test_3513,0
ID_test_3514,0
ID_test_3515,0
ID_test_3516,0
ID_test_3517,0
ID_test_3518,0
ID_test_3519,0
ID_test_3520,0
ID_test_3521,0
ID_test_3522,0
ID_test_3523,0
ID_test_3524,0
ID_test_3525,0
ID_test_3526,0
ID_test_3527,0
ID_test_3528,0
ID_test_3529,0
ID_test_3530,0
ID_test_3531,0
ID_test_3532,0
ID_test_3533,0
ID_test_3534,0
ID_test_3535,0
ID_test_3536,0
ID_test_3537,0
ID_test_3538,0
ID_test_3539,0
ID_test_3540,0
ID_test_3541,0
ID_test_3542,0
ID_test_3543,0
ID_test_3544,0
ID_test_3545,0
ID_test_3546,0
ID_test_3547,0
ID_test_3548,0
ID_test_3549,0
ID_test_3550,0
ID_test_3551,0
ID_test_3552,0
ID_test_3553,0
ID_test_3554,0
ID_test_3555,0
ID_test_3556,0
ID_test_3557,0
ID_test_3558,0
ID_test_3559,0
ID_test_3560,0
ID_test_3561,0
ID_test_3562,0
ID_test_3563,0
ID_test_3564,0
ID_test_3565,0
ID_test_3566,0
ID_test_3567,0
ID_test_3568,0
ID_test_3569,0
ID_test_3570,0
ID_test_3571,0
ID_test_3572,0
ID_test_3573,0
ID_test_3574,0
ID_test_3575,0
ID_test_3576,0
ID_test_3577,0
ID_test_3578,0
ID_test_3579,0
ID_test_3580,0
ID_test_3581,0
ID_test_3582,0
ID_test_3583,0
ID_test_3584,0
ID_test_3585,0
ID_test_3586,0
ID_test_3587,0
ID_test_3588,0
ID_test_3589,0
ID_test_3590,0
ID_test_3591,0
ID_test_3592,0
ID_test_3593,0
ID_test_3594,0
ID_test_3595,0
ID_test_3596,0
ID_test_3597,0
ID_test_3598,0
ID_test_3599,0
ID_test_3600,0
ID_test_3601,0
ID_test_3602,0
ID_test_3603,0
ID_test_3604,0
ID_test_3605,0
ID_test_3606,0
ID_test_3607,0
ID_test_3608,0
ID_test_3609,0
ID_test_3610,0
ID_test_3611,0
ID_test_3612,0
ID_test_3613,0
ID_test_3614,0
ID_test_3615,0
ID_test_3616,0
ID_test_3617,0
ID_test_3618,0
ID_test_3619,0
ID_test_3620,0
ID_test_3621,0
ID_test_3622,0
ID_test_3623,0
ID_test_3624,0
ID_test_3625,0
ID_test_3626,0
ID_test_3627,0
ID_test_3628,0
ID_test_3629,0
ID_test_3630,0
ID_test_3631,0
ID_test_3632,0
ID_test_3633,0
ID_test_3634,0
ID_test_3635,0
ID_test_3636,0
ID_test_3637,0
ID_test_3638,0
ID_test_3639,0
ID_test_3640,0
ID_test_3641,0
ID_test_3642,0
ID_test_3643,0
ID_test_3644,0
ID_test_3645,0
ID_test_3646,0
ID_test_3647,0
ID_test_3648,0
ID_test_3649,0
ID_test_3650,0
ID_test_3651,0
ID_test_3652,0
ID_test_3653,0
ID_test_3654,0
ID_test_3655,0
ID_test_3656,0
ID_test_3657,0
ID_test_3658,0
ID_test_3659,0
ID_test_3660,0
ID_test_3661,0
ID_test_3662,0
ID_test_3663,0
ID_test_3664,0
ID_test_3665,0
ID_test_3666,0
ID_test_3667,0
ID_test_3668,0
ID_test_3669,0
ID_test_3670,0
ID_test_3671,0
ID_test_3672,0
ID_test_3673,0
ID_test_3674,0
ID_test_3675,0
ID_test_3676,0
ID_test_3677,0
ID_test_3678,0
ID_test_3679,0
ID_test_3680,0
ID_test_3681,0
ID_test_3682,0
ID_test_3683,0
ID_test_3684,0
ID_test_3685,0
ID_test_3686,0
ID_test_3687,0
ID_test_3688,0
ID_test_3689,0
ID_test_3690,0
ID_test_3691,0
ID_test_3692,0
ID_test_3693,0
ID_test_3694,0
ID_test_3695,0
ID_test_3696,0
ID_test_3697,0
ID_test_3698,0
ID_test_3699,0
ID_test_3700,0
ID_test_3701,0
ID_test_3702,0
ID_test_3703,0
ID_test_3704,0
ID_test_3705,0
ID_test_3706,0
ID_test_3707,0
ID_test_3708,0
ID_test_3709,0
ID_test_3710,0
ID_test_3711,0
ID_test_3712,0
ID_test_3713,0
ID_test_3714,0
ID_test_3715,0
ID_test_3716,0
ID_test_3717,0
ID_test_3718,0
ID_test_3719,0
ID_test_3720,0
ID_test_3721,0
ID_test_3722,0
ID_test_3723,0
ID_test_3724,0
ID_test_3725,0
ID_test_3726,0
ID_test_3727,0
ID_test_3728,0
ID_test_3729,0
ID_test_3730,0
ID_test_3731,0
ID_test_3732,0
ID_test_3733,0
ID_test_3734,0
ID_test_3735,0
ID_test_3736,0
ID_test_3737,0
ID_test_3738,0
ID_test_3739,0
ID_test_3740,0
ID_test_3741,0
ID_test_3742,0
ID_test_3743,0
ID_test_3744,0
ID_test_3745,0
ID_test_3746,0
ID_test_3747,0
ID_test_3748,0
ID_test_3749,0
ID_test_3750,0
ID_test_3751,0
ID_test_3752,0
ID_test_3753,0
ID_test_3754,0
ID_test_3755,0
ID_test_3756,0
ID_test_3757,0
ID_test_3758,0
ID_test_3759,0
ID_test_3760,0
ID_test_3761,0
ID_test_3762,0
ID_test_3763,0
ID_test_3764,0
ID_test_3765,0
ID_test_3766,0
ID_test_3767,0
ID_test_3768,0
ID_test_3769,0
ID_test_3770,0
ID_test_3771,0
ID_test_3772,0
ID_test_3773,0
ID_test_3774,0
ID_test_3775,0
ID_test_3776,0
ID_test_3777,0
ID_test_3778,0
ID_test_3779,0
ID_test_3780,0
ID_test_3781,0
ID_test_3782,0
ID_test_3783,0
ID_test_3784,0
ID_test_3785,0
ID_test_3786,0
ID_test_3787,0
ID_test_3788,0
ID_test_3789,0
ID_test_3790,0
ID_test_3791,0
ID_test_3792,0
ID_test_3793,0
ID_test_3794,0
ID_test_3795,0
ID_test_3796,0
ID_test_3797,0
ID_test_3798,0
ID_test_3799,0
ID_test_3800,0
ID_test_3801,0
ID_test_3802,0
ID_test_3803,0
ID_test_3804,0
ID_test_3805,0
ID_test_3806,0
ID_test_3807,0
ID_test_3808,0
ID_test_3809,0
ID_test_3810,0
ID_test_3811,0
ID_test_3812,0
ID_test_3813,0
ID_test_3814,0
ID_test_3815,0
ID_test_3816,0
ID_test_3817,0
ID_test_3818,0
ID_test_3819,0
ID_test_3820,0
ID_test_3821,0
ID_test_3822,0
ID_test_3823,0
ID_test_3824,0
ID_test_3825,0
ID_test_3826,0
ID_test_3827,0
ID_test_3828,0
ID_test_3829,0
ID_test_3830,0
ID_test_3831,0
ID_test_3832,0
ID_test_3833,0
ID_test_3834,0
ID_test_3835,0
ID_test_3836,0
ID_test_3837,0
ID_test_3838,0
ID_test_3839,0
ID_test_3840,0
ID_test_3841,0
ID_test_3842,0
ID_test_3843,0
ID_test_3844,0
ID_test_3845,0
ID_test_3846,0
ID_test_3847,0
ID_test_3848,0
ID_test_3849,0
ID_test_3850,0
ID_test_3851,0
ID_test_3852,0
ID_test_3853,0
ID_test_3854,0
ID_test_3855,0
ID_test_3856,0
ID_test_3857,0
ID_test_3858,0
ID_test_3859,0
ID_test_3860,0
ID_test_3861,0
ID_test_3862,0
ID_test_3863,0
ID_test_3864,0
ID_test_3865,0
ID_test_3866,0
ID_test_3867,0
ID_test_3868,0
ID_test_3869,0
ID_test_3870,0
ID_test_3871,0
ID_test_3872,0
ID_test_3873,0
ID_test_3874,0
ID_test_3875,0
ID_test_3876,0
ID_test_3877,0
ID_test_3878,0
ID_test_3879,0
ID_test_3880,0
ID_test_3881,0
ID_test_3882,0
ID_test_3883,0
ID_test_3884,0
ID_test_3885,0
ID_test_3886,0
ID_test_3887,0
ID_test_3888,0
ID_test_3889,0
ID_test_3890,0
ID_test_3891,0
ID_test_3892,0
ID_test_3893,0
ID_test_3894,0
ID_test_3895,0
ID_test_3896,0
ID_test_3897,0
ID_test_3898,0
ID_test_3899,0
ID_test_3900,0
ID_test_3901,0
ID_test_3902,0
ID_test_3903,0
ID_test_3904,0
ID_test_3905,0
ID_test_3906,0
ID_test_3907,0
ID_test_3908,0
ID_test_3909,0
ID_test_3910,0
ID_test_3911,0
ID_test_3912,0
ID_test_3913,0
ID_test_3914,0
ID_test_3915,0
ID_test_3916,0
ID_test_3917,0
ID_test_3918,0
ID_test_3919,0
ID_test_3920,0
ID_test_3921,0
ID_test_3922,0
ID_test_3923,0
ID_test_3924,0
ID_test_3925,0
ID_test_3926,0
ID_test_3927,0
ID_test_3928,0
ID_test_3929,0
ID_test_3930,0
ID_test_3931,0
ID_test_3932,0
ID_test_3933,0
ID_test_3934,0
ID_test_3935,0
ID_test_3936,0
ID_test_3937,0
ID_test_3938,0
ID_test_3939,0
ID_test_3940,0
ID_test_3941,0
ID_test_3942,0
ID_test_3943,0
ID_test_3944,0
ID_test_3945,0
ID_test_3946,0
ID_test_3947,0
ID_test_3948,0
ID_test_3949,0
ID_test_3950,0
ID_test_3951,0
ID_test_3952,0
ID_test_3953,0
ID_test_3954,0
ID_test_3955,0
ID_test_3956,0
ID_test_3957,0
ID_test_3958,0
ID_test_3959,0
ID_test_3960,0
ID_test_3961,0
ID_test_3962,0
ID_test_3963,0
ID_test_3964,0
ID_test_3965,0
ID_test_3966,0
ID_test_3967,0
ID_test_3968,0
ID_test_3969,0
ID_test_3970,0
ID_test_3971,0
ID_test_3972,0
ID_test_3973,0
ID_test_3974,0
ID_test_3975,0
ID_test_3976,0
ID_test_3977,0
ID_test_3978,0
ID_test_3979,0
ID_test_3980,0
ID_test_3981,0
ID_test_3982,0
ID_test_3983,0
ID_test_3984,0
ID_test_3985,0
ID_test_3986,0
ID_test_3987,0
ID_test_3988,0
ID_test_3989,0
ID_test_3990,0
ID_test_3991,0
ID_test_3992,0
ID_test_3993,0
ID_test_3994,0
ID_test_3995,0
ID_test_3996,0
ID_test_3997,0
ID_test_3998,0
ID_test_3999,0
ID_test_4000,0
ID_test_4001,0
ID_test_4002,0
ID_test_4003,0
ID_test_4004,0
ID_test_4005,0
ID_test_4006,0
ID_test_4007,0
ID_test_4008,0
ID_test_4009,0
ID_test_4010,0
ID_test_4011,0
ID_test_4012,0
ID_test_4013,0
ID_test_4014,0
ID_test_4015,0
ID_test_4016,0
ID_test_4017,0
ID_test_4018,0
ID_test_4019,0
ID_test_4020,0
ID_test_4021,0
ID_test_4022,0
ID_test_4023,0
ID_test_4024,0
ID_test_4025,0
ID_test_4026,0
ID_test_4027,0
ID_test_4028,0
ID_test_4029,0
ID_test_4030,0
ID_test_4031,0
ID_test_4032,0
ID_test_4033,0
ID_test_4034,0
ID_test_4035,0
ID_test_4036,0
ID_test_4037,0
ID_test_4038,0
ID_test_4039,0
ID_test_4040,0
ID_test_4041,0
ID_test_4042,0
ID_test_4043,0
ID_test_4044,0
ID_test_4045,0
ID_test_4046,0
ID_test_4047,0
ID_test_4048,0
ID_test_4049,0
ID_test_4050,0
ID_test_4051,0
ID_test_4052,0
ID_test_4053,0
ID_test_4054,0
ID_test_4055,0
ID_test_4056,0
ID_test_4057,0
ID_test_4058,0
ID_test_4059,0
ID_test_4060,0
ID_test_4061,0
ID_test_4062,0
ID_test_4063,0
ID_test_4064,0
ID_test_4065,0
ID_test_4066,0
ID_test_4067,0
ID_test_4068,0
ID_test_4069,0
ID_test_4070,0
ID_test_4071,0
ID_test_4072,0
ID_test_4073,0
ID_test_4074,0
ID_test_4075,0
ID_test_4076,0
ID_test_4077,0
ID_test_4078,0
ID_test_4079,0
ID_test_4080,0
ID_test_4081,0
ID_test_4082,0
ID_test_4083,0
ID_test_4084,0
ID_test_4085,0
ID_test_4086,0
ID_test_4087,0
ID_test_4088,0
ID_test_4089,0
ID_test_4090,0
ID_test_4091,0
ID_test_4092,0
ID_test_4093,0
ID_test_4094,0
ID_test_4095,0
ID_test_4096,0
ID_test_4097,0
ID_test_4098,0
ID_test_4099,0
ID_test_4100,0
ID_test_4101,0
ID_test_4102,0
ID_test_4103,0
ID_test_4104,0
ID_test_4105,0
ID_test_4106,0
ID_test_4107,0
ID_test_4108,0
ID_test_4109,0
ID_test_4110,0
ID_test_4111,0
ID_test_4112,0
ID_test_4113,0
ID_test_4114,0
ID_test_4115,0
ID_test_4116,0
ID_test_4117,0
ID_test_4118,0
ID_test_4119,0
ID_test_4120,0
ID_test_4121,0
ID_test_4122,0
ID_test_4123,0
ID_test_4124,0
ID_test_4125,0
ID_test_4126,0
ID_test_4127,0
ID_test_4128,0
ID_test_4129,0
ID_test_4130,0
ID_test_4131,0
ID_test_4132,0
ID_test_4133,0
ID_test_4134,0
ID_test_4135,0
ID_test_4136,0
ID_test_4137,0
ID_test_4138,0
ID_test_4139,0
ID_test_4140,0
ID_test_4141,0
ID_test_4142,0
ID_test_4143,0
ID_test_4144,0
ID_test_4145,0
ID_test_4146,0
ID_test_4147,0
ID_test_4148,0
ID_test_4149,0
ID_test_4150,0
ID_test_4151,0
ID_test_4152,0
ID_test_4153,0
ID_test_4154,0
ID_test_4155,0
ID_test_4156,0
ID_test_4157,0
ID_test_4158,0
ID_test_4159,0
ID_test_4160,0
ID_test_4161,0
ID_test_4162,0
ID_test_4163,0
ID_test_4164,0
ID_test_4165,0
ID_test_4166,0
ID_test_4167,0
ID_test_4168,0
ID_test_4169,0
ID_test_4170,0
ID_test_4171,0
ID_test_4172,0
ID_test_4173,0
ID_test_4174,0
ID_test_4175,0
ID_test_4176,0
ID_test_4177,0
ID_test_4178,0
ID_test_4179,0
ID_test_4180,0
ID_test_4181,0
ID_test_4182,0
ID_test_4183,0
ID_test_4184,0
ID_test_4185,0
ID_test_4186,0
ID_test_4187,0
ID_test_4188,0
ID_test_4189,0
ID_test_4190,0
ID_test_4191,0
ID_test_4192,0
ID_test_4193,0
ID_test_4194,0
ID_test_4195,0
ID_test_4196,0
ID_test_4197,0
ID_test_4198,0
ID_test_4199,0
ID_test_4200,0
ID_test_4201,0
ID_test_4202,0
ID_test_4203,0
ID_test_4204,0
ID_test_4205,0
ID_test_4206,0
ID_test_4207,0
ID_test_4208,0
ID_test_4209,0
ID_test_4210,0
ID_test_4211,0
ID_test_4212,0
ID_test_4213,0
ID_test_4214,0
ID_test_4215,0
ID_test_4216,0
ID_test_4217,0
ID_test_4218,0
ID_test_4219,0
ID_test_4220,0
ID_test_4221,0
ID_test_4222,0
ID_test_4223,0
ID_test_4224,0
ID_test_4225,0
ID_test_4226,0
ID_test_4227,0
ID_test_4228,0
ID_test_4229,0
ID_test_4230,0
ID_test_4231,0
ID_test_4232,0
ID_test_4233,0
ID_test_4234,0
ID_test_4235,0
ID_test_4236,0
ID_test_4237,0
ID_test_4238,0
ID_test_4239,0
ID_test_4240,0
ID_test_4241,0
ID_test_4242,0
ID_test_4243,0
ID_test_4244,0
ID_test_4245,0
ID_test_4246,0
ID_test_4247,0
ID_test_4248,0
ID_test_4249,0
ID_test_4250,0
ID_test_4251,0
ID_test_4252,0
ID_test_4253,0
ID_test_4254,0
ID_test_4255,0
ID_test_4256,0
ID_test_4257,0
ID_test_4258,0
ID_test_4259,0
ID_test_4260,0
ID_test_4261,0
ID_test_4262,0
ID_test_4263,0
ID_test_4264,0
ID_test_4265,0
ID_test_4266,0
ID_test_4267,0
ID_test_4268,0
ID_test_4269,0
ID_test_4270,0
ID_test_4271,0
ID_test_4272,0
ID_test_4273,0
ID_test_4274,0
ID_test_4275,0
ID_test_4276,0
ID_test_4277,0
ID_test_4278,0
ID_test_4279,0
ID_test_4280,0
ID_test_4281,0
ID_test_4282,0
ID_test_4283,0
ID_test_4284,0
ID_test_4285,0
ID_test_4286,0
ID_test_4287,0
ID_test_4288,0
ID_test_4289,0
ID_test_4290,0
ID_test_4291,0
ID_test_4292,0
ID_test_4293,0
ID_test_4294,0
ID_test_4295,0
ID_test_4296,0
ID_test_4297,0
ID_test_4298,0
ID_test_4299,0
ID_test_4300,0
ID_test_4301,0
ID_test_4302,0
ID_test_4303,0
ID_test_4304,0
ID_test_4305,0
ID_test_4306,0
ID_test_4307,0
ID_test_4308,0
ID_test_4309,0
ID_test_4310,0
ID_test_4311,0
ID_test_4312,0
ID_test_4313,0
ID_test_4314,0
ID_test_4315,0
ID_test_4316,0
ID_test_4317,0
ID_test_4318,0
ID_test_4319,0
ID_test_4320,0
ID_test_4321,0
ID_test_4322,0
ID_test_4323,0
ID_test_4324,0
ID_test_4325,0
ID_test_4326,0
ID_test_4327,0
ID_test_4328,0
ID_test_4329,0
ID_test_4330,0
ID_test_4331,0
ID_test_4332,0
ID_test_4333,0
ID_test_4334,0
ID_test_4335,0
ID_test_4336,0
ID_test_4337,0
ID_test_4338,0
ID_test_4339,0
ID_test_4340,0
ID_test_4341,0
ID_test_4342,0
ID_test_4343,0
ID_test_4344,0
ID_test_4345,0
ID_test_4346,0
ID_test_4347,0
ID_test_4348,0
ID_test_4349,0
ID_test_4350,0
ID_test_4351,0
ID_test_4352,0
ID_test_4353,0
ID_test_4354,0
ID_test_4355,0
ID_test_4356,0
ID_test_4357,0
ID_test_4358,0
ID_test_4359,0
ID_test_4360,0
ID_test_4361,0
ID_test_4362,0
ID_test_4363,0
ID_test_4364,0
ID_test_4365,0
ID_test_4366,0
ID_test_4367,0
ID_test_4368,0
ID_test_4369,0
ID_test_4370,0
ID_test_4371,0
ID_test_4372,0
ID_test_4373,0
ID_test_4374,0
ID_test_4375,0
ID_test_4376,0
ID_test_4377,0
ID_test_4378,0
ID_test_4379,0
ID_test_4380,0
ID_test_4381,0
ID_test_4382,0
ID_test_4383,0
ID_test_4384,0
ID_test_4385,0
ID_test_4386,0
ID_test_4387,0
ID_test_4388,0
ID_test_4389,0
ID_test_4390,0
ID_test_4391,0
ID_test_4392,0
ID_test_4393,0
ID_test_4394,0
ID_test_4395,0
ID_test_4396,0
ID_test_4397,0
ID_test_4398,0
ID_test_4399,0
ID_test_4400,0
ID_test_4401,0
ID_test_4402,0
ID_test_4403,0
ID_test_4404,0
ID_test_4405,0
ID_test_4406,0
ID_test_4407,0
ID_test_4408,0
ID_test_4409,0
ID_test_4410,0
ID_test_4411,0
ID_test_4412,0
ID_test_4413,0
ID_test_4414,0
ID_test_4415,0
ID_test_4416,0
ID_test_4417,0
ID_test_4418,0
ID_test_4419,0
ID_test_4420,0
ID_test_4421,0
ID_test_4422,0
ID_test_4423,0
ID_test_4424,0
ID_test_4425,0
ID_test_4426,0
ID_test_4427,0
ID_test_4428,0
ID_test_4429,0
ID_test_4430,0
ID_test_4431,0
ID_test_4432,0
ID_test_4433,0
ID_test_4434,0
ID_test_4435,0
ID_test_4436,0
ID_test_4437,0
ID_test_4438,0
ID_test_4439,0
ID_test_4440,0
ID_test_4441,0
ID_test_4442,0
ID_test_4443,0
ID_test_4444,0
ID_test_4445,0
ID_test_4446,0
ID_test_4447,0
ID_test_4448,0
ID_test_4449,0
ID_test_4450,0
ID_test_4451,0
ID_test_4452,0
ID_test_4453,0
ID_test_4454,0
ID_test_4455,0
ID_test_4456,0
ID_test_4457,0
ID_test_4458,0
ID_test_4459,0
ID_test_4460,0
ID_test_4461,0
ID_test_4462,0
ID_test_4463,0
ID_test_4464,0
ID_test_4465,0
ID_test_4466,0
ID_test_4467,0
ID_test_4468,0
ID_test_4469,0
ID_test_4470,0
ID_test_4471,0
ID_test_4472,0
ID_test_4473,0
ID_test_4474,0
ID_test_4475,0
ID_test_4476,0
ID_test_4477,0
ID_test_4478,0
ID_test_4479,0
ID_test_4480,0
ID_test_4481,0
ID_test_4482,0
ID_test_4483,0
ID_test_4484,0
ID_test_4485,0
ID_test_4486,0
ID_test_4487,0
ID_test_4488,0
ID_test_4489,0
ID_test_4490,0
ID_test_4491,0
ID_test_4492,0
ID_test_4493,0
ID_test_4494,0
ID_test_4495,0
ID_test_4496,0
ID_test_4497,0
ID_test_4498,0
ID_test_4499,0
ID_test_4500,0
ID_test_4501,0
ID_test_4502,0
ID_test_4503,0
ID_test_4504,0
ID_test_4505,0
ID_test_4506,0
ID_test_4507,0
ID_test_4508,0
ID_test_4509,0
ID_test_4510,0
ID_test_4511,0
ID_test_4512,0
ID_test_4513,0
ID_test_4514,0
ID_test_4515,0
ID_test_4516,0
ID_test_4517,0
ID_test_4518,0
ID_test_4519,0
ID_test_4520,0
ID_test_4521,0
ID_test_4522,0
ID_test_4523,0
ID_test_4524,0
ID_test_4525,0
ID_test_4526,0
ID_test_4527,0
ID_test_4528,0
ID_test_4529,0
ID_test_4530,0
ID_test_4531,0
ID_test_4532,0
ID_test_4533,0
ID_test_4534,0
ID_test_4535,0
ID_test_4536,0
ID_test_4537,0
ID_test_4538,0
ID_test_4539,0
ID_test_4540,0
ID_test_4541,0
ID_test_4542,0
ID_test_4543,0
ID_test_4544,0
ID_test_4545,0
ID_test_4546,0
ID_test_4547,0
ID_test_4548,0
ID_test_4549,0
ID_test_4550,0
ID_test_4551,0
ID_test_4552,0
ID_test_4553,0
ID_test_4554,0
ID_test_4555,0
ID_test_4556,0
ID_test_4557,0
ID_test_4558,0
ID_test_4559,0
ID_test_4560,0
ID_test_4561,0
ID_test_4562,0
ID_test_4563,0
ID_test_4564,0
ID_test_4565,0
ID_test_4566,0
ID_test_4567,0
ID_test_4568,0
ID_test_4569,0
ID_test_4570,0
ID_test_4571,0
ID_test_4572,0
ID_test_4573,0
ID_test_4574,0
ID_test_4575,0
ID_test_4576,0
ID_test_4577,0
ID_test_4578,0
ID_test_4579,0
ID_test_4580,0
ID_test_4581,0
ID_test_4582,0
ID_test_4583,0
ID_test_4584,0
ID_test_4585,0
ID_test_4586,0
ID_test_4587,0
ID_test_4588,0
ID_test_4589,0
ID_test_4590,0
ID_test_4591,0
ID_test_4592,0
ID_test_4593,0
ID_test_4594,0
ID_test_4595,0
ID_test_4596,0
ID_test_4597,0
ID_test_4598,0
ID_test_4599,0
ID_test_4600,0
ID_test_4601,0
ID_test_4602,0
ID_test_4603,0
ID_test_4604,0
ID_test_4605,0
ID_test_4606,0
ID_test_4607,0
ID_test_4608,0
ID_test_4609,0
ID_test_4610,0
ID_test_4611,0
ID_test_4612,0
ID_test_4613,0
ID_test_4614,0
ID_test_4615,0
ID_test_4616,0
ID_test_4617,0
ID_test_4618,0
ID_test_4619,0
ID_test_4620,0
ID_test_4621,0
ID_test_4622,0
ID_test_4623,0
ID_test_4624,0
ID_test_4625,0
ID_test_4626,0
ID_test_4627,0
ID_test_4628,0
ID_test_4629,0
ID_test_4630,0
ID_test_4631,0
ID_test_4632,0
ID_test_4633,0
ID_test_4634,0
ID_test_4635,0
ID_test_4636,0
ID_test_4637,0
ID_test_4638,0
ID_test_4639,0
ID_test_4640,0
ID_test_4641,0
ID_test_4642,0
ID_test_4643,0
ID_test_4644,0
ID_test_4645,0
ID_test_4646,0
ID_test_4647,0
ID_test_4648,0
ID_test_4649,0
ID_test_4650,0
ID_test_4651,0
ID_test_4652,0
ID_test_4653,0
ID_test_4654,0
ID_test_4655,0
ID_test_4656,0
ID_test_4657,0
ID_test_4658,0
ID_test_4659,0
ID_test_4660,0
ID_test_4661,0
ID_test_4662,0
ID_test_4663,0
ID_test_4664,0
ID_test_4665,0
ID_test_4666,0
ID_test_4667,0
ID_test_4668,0
ID_test_4669,0
ID_test_4670,0
ID_test_4671,0
ID_test_4672,0
ID_test_4673,0
ID_test_4674,0
ID_test_4675,0
ID_test_4676,0
ID_test_4677,0
ID_test_4678,0
ID_test_4679,0
ID_test_4680,0
ID_test_4681,0
ID_test_4682,0
ID_test_4683,0
ID_test_4684,0
ID_test_4685,0
ID_test_4686,0
ID_test_4687,0
ID_test_4688,0
ID_test_4689,0
ID_test_4690,0
ID_test_4691,0
ID_test_4692,0
ID_test_4693,0
ID_test_4694,0
ID_test_4695,0
ID_test_4696,0
ID_test_4697,0
ID_test_4698,0
ID_test_4699,0
ID_test_4700,0
ID_test_4701,0
ID_test_4702,0
ID_test_4703,0
ID_test_4704,0
ID_test_4705,0
ID_test_4706,0
ID_test_4707,0
ID_test_4708,0
ID_test_4709,0
ID_test_4710,0
ID_test_4711,0
ID_test_4712,0
ID_test_4713,0
ID_test_4714,0
ID_test_4715,0
ID_test_4716,0
ID_test_4717,0
ID_test_4718,0
ID_test_4719,0
ID_test_4720,0
ID_test_4721,0
ID_test_4722,0
ID_test_4723,0
ID_test_4724,0
ID_test_4725,0
ID_test_4726,0
ID_test_4727,0
ID_test_4728,0
ID_test_4729,0
ID_test_4730,0
ID_test_4731,0
ID_test_4732,0
ID_test_4733,0
ID_test_4734,0
ID_test_4735,0
ID_test_4736,0
ID_test_4737,0
ID_test_4738,0
ID_test_4739,0
ID_test_4740,0
ID_test_4741,0
ID_test_4742,0
ID_test_4743,0
ID_test_4744,0
ID_test_4745,0
ID_test_4746,0
ID_test_4747,0
ID_test_4748,0
ID_test_4749,0
ID_test_4750,0
ID_test_4751,0
ID_test_4752,0
ID_test_4753,0
ID_test_4754,0
ID_test_4755,0
ID_test_4756,0
ID_test_4757,0
ID_test_4758,0
ID_test_4759,0
ID_test_4760,0
ID_test_4761,0
ID_test_4762,0
ID_test_4763,0
ID_test_4764,0
ID_test_4765,0
ID_test_4766,0
ID_test_4767,0
ID_test_4768,0
ID_test_4769,0
ID_test_4770,0
ID_test_4771,0
ID_test_4772,0
ID_test_4773,0
ID_test_4774,0
ID_test_4775,0
ID_test_4776,0
ID_test_4777,0
ID_test_4778,0
ID_test_4779,0
ID_test_4780,0
ID_test_4781,0
ID_test_4782,0
ID_test_4783,0
ID_test_4784,0
ID_test_4785,0
ID_test_4786,0
ID_test_4787,0
ID_test_4788,0
ID_test_4789,0
ID_test_4790,0
ID_test_4791,0
ID_test_4792,0
ID_test_4793,0
ID_test_4794,0
ID_test_4795,0
ID_test_4796,0
ID_test_4797,0
ID_test_4798,0
ID_test_4799,0
ID_test_4800,0
ID_test_4801,0
ID_test_4802,0
ID_test_4803,0
ID_test_4804,0
ID_test_4805,0
ID_test_4806,0
ID_test_4807,0
ID_test_4808,0
ID_test_4809,0
ID_test_4810,0
ID_test_4811,0
ID_test_4812,0
ID_test_4813,0
ID_test_4814,0
ID_test_4815,0
ID_test_4816,0
ID_test_4817,0
ID_test_4818,0
ID_test_4819,0
ID_test_4820,0
ID_test_4821,0
ID_test_4822,0
ID_test_4823,0
ID_test_4824,0
ID_test_4825,0
ID_test_4826,0
ID_test_4827,0
ID_test_4828,0
ID_test_4829,0
ID_test_4830,0
ID_test_4831,0
ID_test_4832,0
ID_test_4833,0
ID_test_4834,0
ID_test_4835,0
ID_test_4836,0
ID_test_4837,0
ID_test_4838,0
ID_test_4839,0
ID_test_4840,0
ID_test_4841,0
ID_test_4842,0
ID_test_4843,0
ID_test_4844,0
ID_test_4845,0
ID_test_4846,0
ID_test_4847,0
ID_test_4848,0
ID_test_4849,0
ID_test_4850,0
ID_test_4851,0
ID_test_4852,0
ID_test_4853,0
ID_test_4854,0
ID_test_4855,0
ID_test_4856,0
ID_test_4857,0
ID_test_4858,0
ID_test_4859,0
ID_test_4860,0
ID_test_4861,0
ID_test_4862,0
ID_test_4863,0
ID_test_4864,0
ID_test_4865,0
ID_test_4866,0
ID_test_4867,0
ID_test_4868,0
ID_test_4869,0
ID_test_4870,0
ID_test_4871,0
ID_test_4872,0
ID_test_4873,0
ID_test_4874,0
ID_test_4875,0
ID_test_4876,0
ID_test_4877,0
ID_test_4878,0
ID_test_4879,0
ID_test_4880,0
ID_test_4881,0
ID_test_4882,0
ID_test_4883,0
ID_test_4884,0
ID_test_4885,0
ID_test_4886,0
ID_test_4887,0
ID_test_4888,0
ID_test_4889,0
ID_test_4890,0
ID_test_4891,0
ID_test_4892,0
ID_test_4893,0
ID_test_4894,0
ID_test_4895,0
ID_test_4896,0
ID_test_4897,0
ID_test_4898,0
ID_test_4899,0
ID_test_4900,0
ID_test_4901,0
ID_test_4902,0
ID_test_4903,0
ID_test_4904,0
ID_test_4905,0
ID_test_4906,0
ID_test_4907,0
ID_test_4908,0
ID_test_4909,0
ID_test_4910,0
ID_test_4911,0
ID_test_4912,0
ID_test_4913,0
ID_test_4914,0
ID_test_4915,0
ID_test_4916,0
ID_test_4917,0
ID_test_4918,0
ID_test_4919,0
ID_test_4920,0
ID_test_4921,0
ID_test_4922,0
ID_test_4923,0
ID_test_4924,0
ID_test_4925,0
ID_test_4926,0
ID_test_4927,0
ID_test_4928,0
ID_test_4929,0
ID_test_4930,0
ID_test_4931,0
ID_test_4932,0
ID_test_4933,0
ID_test_4934,0
ID_test_4935,0
ID_test_4936,0
ID_test_4937,0
ID_test_4938,0
ID_test_4939,0
ID_test_4940,0
ID_test_4941,0
ID_test_4942,0
ID_test_4943,0
ID_test_4944,0
ID_test_4945,0
ID_test_4946,0
ID_test_4947,0
ID_test_4948,0
ID_test_4949,0
ID_test_4950,0
ID_test_4951,0
ID_test_4952,0
ID_test_4953,0
ID_test_4954,0
ID_test_4955,0
ID_test_4956,0
ID_test_4957,0
ID_test_4958,0
ID_test_4959,0
ID_test_4960,0
ID_test_4961,0
ID_test_4962,0
ID_test_4963,0
ID_test_4964,0
ID_test_4965,0
ID_test_4966,0
ID_test_4967,0
ID_test_4968,0
ID_test_4969,0
ID_test_4970,0
ID_test_4971,0
ID_test_4972,0
ID_test_4973,0
ID_test_4974,0
ID_test_4975,0
ID_test_4976,0
ID_test_4977,0
ID_test_4978,0
ID_test_4979,0
ID_test_4980,0
ID_test_4981,0
ID_test_4982,0
ID_test_4983,0
ID_test_4984,0
ID_test_4985,0
ID_test_4986,0
ID_test_4987,0
ID_test_4988,0
ID_test_4989,0
ID_test_4990,0
ID_test_4991,0
ID_test_4992,0
ID_test_4993,0
ID_test_4994,0
ID_test_4995,0
ID_test_4996,0
ID_test_4997,0
ID_test_4998,0
ID_test_4999,0
ID_test_5000,0
ID_test_5001,0
ID_test_5002,0
ID_test_5003,0
ID_test_5004,0
ID_test_5005,0
ID_test_5006,0
ID_test_5007,0
ID_test_5008,0
ID_test_5009,0
ID_test_5010,0
ID_test_5011,0
ID_test_5012,0
ID_test_5013,0
ID_test_5014,0
ID_test_5015,0
ID_test_5016,0
ID_test_5017,0
ID_test_5018,0
ID_test_5019,0
ID_test_5020,0
ID_test_5021,0
ID_test_5022,0
ID_test_5023,0
ID_test_5024,0
ID_test_5025,0
ID_test_5026,0
ID_test_5027,0
ID_test_5028,0
ID_test_5029,0
ID_test_5030,0
ID_test_5031,0
ID_test_5032,0
ID_test_5033,0
ID_test_5034,0
